collectedAt,pubDate,category,categoryLabel,title,source,link,summary
2026-08-03T11:48:04.224Z,2026-08-03T11:40:00.000Z,industry,行业头条,Helus Pharma Appoints Michael Halstead as Chief Executive Officer,GlobeNewswire,https://news.google.com/rss/articles/CBMi0wFBVV95cUxOdUxDN21SR2RkcEVYSHN6ck9VNGQwSHBmSDFTUzhTSWRyLVlxdWxnVGttbk0wdmNyWXppaDNUTk42SkFFcWw0TlR1eFFlV3ZQNGJGY2h3MFBWdzlvZ01KVnBkTEJGUDdTQklBZjZBdG5JTmUwY202MFEtbkFKaW1rS0dnR2Y4dm0yODhqVHJMeXRPNFBRUWo0WnhaazF1cEVRbnMzMjVnQjN2Q1RqX3FfLUNXa2RtYzRoci0tZVJjRVNkSGMzZ0VsSEtxdi0teERYSjJn?oc=5,Helus Pharma Appoints Michael Halstead as Chief Executive Officer &nbsp;&nbsp; GlobeNewswire
2026-08-03T11:48:04.224Z,2026-08-03T11:34:50.000Z,industry,行业头条,BioNTech appoints Guido Oelkers as new Chief Executive Officer,European Pharmaceutical Review,https://news.google.com/rss/articles/CBMiwAFBVV95cUxOYzFfdWR4QjdjeEpXbXdzLTYxeC00TjNEMG8tMFhaNGhQaWJWWi1VLWJRcENCQWl5NWxwaFVyeEIxQ0IxMHhrUk5ZNGtpS3BoY255WVU0Y0ZBdUJnbkgtd2JkZ01HLS1aZXlrWUxUS2ZRelhjaU5Yd1pjVTFKNnZzYzJmaHl5ZFN3blh0VHFHMFRLRVJ6SWpaWThlNzUzTktBeTc3QWJNVlZrckVKY0UzRWJRLUV1c0RmejN3aVJxYTU?oc=5,BioNTech appoints Guido Oelkers as new Chief Executive Officer &nbsp;&nbsp; European Pharmaceutical Review
2026-08-03T11:48:04.224Z,2026-08-03T11:32:34.000Z,industry,行业头条,"BioNTech names Guido Oelkers its new CEO, replacing Ugur Sahin",STAT,https://news.google.com/rss/articles/CBMijwFBVV95cUxPNHRRcUlmZ09Ia2xZUHMzQmxKbUR6a1dKZDNDbU9zbU5LMzRiSUNTSVpNSURzYUNDTmhGNDRSVEpGcVFOcmdxZ3owaXdtMEVndXFUZ04yNlZTMHVOSEpXVEpCYXZwUThFV2FMOERIVTFERUNPSmZzLW1zbG9iSi1NUUM2eElNN0lmUTBaTE9rNA?oc=5,"BioNTech names Guido Oelkers its new CEO, replacing Ugur Sahin &nbsp;&nbsp; STAT"
2026-08-03T11:48:04.224Z,2026-08-03T11:30:00.000Z,industry,行业头条,Lantern Pharma (Nasdaq: LTRN) Establishes Open-Medicine AI as a Separate Company to Commercialize and Expand Its Multi-Agent AI Co-Scientist Platform for the Transformation of Medicine,Business Wire,https://news.google.com/rss/articles/CBMitgRBVV95cUxOVFhPREFiOVhIOTNwOGs1VHY3ZWR1MzN4ek9yVThtdk1SWlp2LVdwTzVmOW9nOF9UcGxTeW9hNVhuX2RaODNIb2k5eldfR3JiTlBFbHpJb05LVmJzYl96R09FdWRMTTlLajkyWnhqdmc1RWExdG1VQ0x0Zl83cnB3cUxlalJGUG43bGVRTmR6WmZ2T2xvQU5XVzhnTm1zUFQzMThiQmJMbkhUakd5N0lVeVdrMG4tcXBnSGJfaC1vMGpIcTlTWldWcTBqTzRWQXpaU0FWSWw5X2FvcHZkVmRQNkxEeThieE03bG5IOU5MU1JFcWhqV21PZVpzcXlnUWVBaVlpdmtiQVlkQ1Z6aWhhbzBwdHlqMjdSNDVEOE5MajhMbFd5TDVnQlljeWROSHNuaHpwVnhCSG55cmhDVVhsUDNRZlhnOG0yQjMwRFpUcnl1emk3aU52dWdkMGxxTE1qQ1RFeERGRUpDcXhNTTlBVzA2ZzlrMW04ZmkwaXhsZGZ0Z3BiNXlOUjlUNTJjT3RBcG13MmQxZ0lna0lFSjVCNGFtU2ptTWFfdDJ1azRITU9QdUlEQ0tVNndSR2dtU0lhb29WTWJkQnhrYzNmWTdDel9YY1ZleFRSRnhuSG5pUnpRNHVPWldFbDFacHRyZF80TXdFYmFmRDBha1F3NHU2ODctYWU3c21WazRhdnJMc0hDcGxnV2w0SndJMEhWb1BodjIwTHB3UWl3SGRtMUVEM3VXTnQ0UQ?oc=5,Lantern Pharma (Nasdaq: LTRN) Establishes Open-Medicine AI as a Separate Company to Commercialize and Expand Its Multi-Agent AI Co-Scientist Platform for the Transformation of Medicine &nbsp;&nbsp; Business Wire
2026-08-03T11:48:04.224Z,2026-08-03T11:26:02.000Z,industry,行业头条,‘Unlikely’ AstraZeneca-BMS mega-merger would be largest pharma deal ever,BioSpace,https://news.google.com/rss/articles/CBMipwFBVV95cUxObFVnZDJJNjBNb3ZvUFBkWkFBWU1iX2djbWlYc1pBaWhpN2ExUWxTZXZwWENBaTNNN1NmRk1FLVJPSDZTUXE2UXJVMWVIZXFBMjVxYkNCLXVVVkVldDZNYVRqTkVaN3lXZXl4b3VLX0hMVUZ4Y1YyWGZ2WlhUUGo2YmxDaWZyTnNWUnNwQkd2MGlES0h2ZzduMHROeVBYbUk4dmZJblBuQQ?oc=5,‘Unlikely’ AstraZeneca-BMS mega-merger would be largest pharma deal ever &nbsp;&nbsp; BioSpace
2026-08-03T11:48:04.224Z,2026-08-03T11:06:00.000Z,industry,行业头条,Krystal Biotech Q2 revenue rises to $119.2 million on VYJUVEK sales,Quiver Quantitative,https://news.google.com/rss/articles/CBMipAFBVV95cUxNbGZqd0YtRE5GaDRaOVV5YkpCVXN1ZnlpcEtQYUJYcXpEbGhJbUJTdnZwOWRsLV9ITmJIMWo5cU9aajJpVmxQVThtbU1rY3R0dDBmR2RTbS1qZmk5a0hZUk55R195V1ZNUDljSGV4MW9WbDNPbjNVWDNsQmFHQ0pGVzBrdkNub3ZIaEIwVUR1WlhDRkJObnItaXg1cWF6STJieFltRg?oc=5,Krystal Biotech Q2 revenue rises to $119.2 million on VYJUVEK sales &nbsp;&nbsp; Quiver Quantitative
2026-08-03T11:48:04.224Z,2026-08-03T10:10:55.000Z,industry,行业头条,How Regulators and the Industry Can Work Together to Improve the US Pharma Ecosystem,Pharmaceutical Executive,https://news.google.com/rss/articles/CBMihwFBVV95cUxNVXVCNDA2RmVTem5nU3FGMlRSaXFaMWxlVGszelNSR2gzaTVURkxZd21vZGFQM0E0RENJY01oQmFyMC0wUVhvVWR4QlpwY1FvSTdFZ25kU2FRUE5BWnU3NjJwRXY3dWs1ME5qM2I3Umo3VWRjNWVTdXJYWnotWVpyZG1WelJzbW8?oc=5,How Regulators and the Industry Can Work Together to Improve the US Pharma Ecosystem &nbsp;&nbsp; Pharmaceutical Executive
2026-08-03T11:48:04.224Z,2026-08-03T09:51:33.000Z,china-policy,中国政策与审批,“岐黄护银龄·义诊送安康”——北京中医药大学附属昌平医院走进军休四所开展关爱退役军人健康义诊活动,北京市中医药管理局,https://news.google.com/rss/articles/CBMickFVX3lxTFA3YTI1VG9WSXBqRTFsNUNIR01XcnRYTUtaYUd3YVVsZHZ6aW1rZlhpbGFaNFBQM2dBdUIxb0d5MDUwdmgzb2pHMkY3Y1ZDaUpQeEd2bkJNVmdpV3RHVjlZWXhNbTZFVVo0NDBPWmVKSm8wQQ?oc=5,“岐黄护银龄·义诊送安康”——北京中医药大学附属昌平医院走进军休四所开展关爱退役军人健康义诊活动 &nbsp;&nbsp; 北京市中医药管理局
2026-08-03T11:48:04.224Z,2026-08-03T09:51:33.000Z,china-policy,中国政策与审批,以本草美育润童心以党建微光传文化_对外交流,北京市中医药管理局,https://news.google.com/rss/articles/CBMickFVX3lxTE1sakdKcHRCQXlOdDYxZEVINHFSX0ZMOXd0UUxLVUVRZV9ac05EX1RuNzJaS3k0dEtTbnZnZTBTdE9yVVpsSmJzYnFNT0dSR0NZZUliejJEcENLU0dEdTB4aWFUUUYySVl0N1VHeTV6SEs3dw?oc=5,以本草美育润童心以党建微光传文化_对外交流 &nbsp;&nbsp; 北京市中医药管理局
2026-08-03T11:48:04.224Z,2026-08-03T08:48:53.000Z,industry,行业头条,Are we about to see a return for the pharma mega-merger?,pharmaphorum,https://news.google.com/rss/articles/CBMifEFVX3lxTE5fUUdUblRxaHpzazRhMUpBNjNGQWpNNXJWbEFlb2FhSk15NmtibGVFQXN0c1RuOG5JYmxPSG9uM3BiU0RrQkZPSXRTcmFoNDAwbVk0OVVuc1d6WWhJQlk3Tl9KQ2JHbmlrTmk5VWhrX21YU2dDZDZ4M29Oa3A?oc=5,Are we about to see a return for the pharma mega-merger? &nbsp;&nbsp; pharmaphorum
2026-08-03T11:48:04.224Z,2026-08-03T08:02:01.000Z,industry,行业头条,"Five things for pharma marketers to know for Monday, August 3, 2026",Medical Marketing and Media,https://news.google.com/rss/articles/CBMihgFBVV95cUxPbEpkMkt3Z19fNDNGREJyUXVLb0JteVJyRkRzWGFFekstbnhtbWJJTEE0cTdhaFhiS2F6eWZaRlZSS1J0azBBTmxCLThCMUZNV2JaV21vR0c2LU9QMnpEcXBTM21ESmdjeGFaRjRTQUtyS044b2x0bzNxeDZxUFh1cFFCQzFLQQ?oc=5,"Five things for pharma marketers to know for Monday, August 3, 2026 &nbsp;&nbsp; Medical Marketing and Media"
2026-08-03T11:48:04.224Z,2026-08-03T07:52:51.000Z,china-policy,中国政策与审批,北京经济技术开发区生物技术和大健康产业局关于开展2025年度医药健康企业融资租赁补贴申报的通知,北京经济技术开发区,https://news.google.com/rss/articles/CBMigAFBVV95cUxOWTJtOUJYV3R5bmw4SHdXUW0zc0F4UlhiWnNiNW42RHpPZ2VMSkdlVHc4eUR0cFgtSno1T1dIR2FqbF9lblQtMzFkOHppd1A0NHJmWVYtSmYzX2dFcmxfbl9pdXhBSVRIVTFZa1JOYWRRaEFNRnRIaFY4VU9iMFF0Ng?oc=5,北京经济技术开发区生物技术和大健康产业局关于开展2025年度医药健康企业融资租赁补贴申报的通知 &nbsp;&nbsp; 北京经济技术开发区
2026-08-03T11:48:04.224Z,2026-08-03T07:12:00.000Z,industry,行业头条,"Weight Loss Pharmaceutical Drugs: What They Are, How They Work, and Realistic Expectations *mp8ZQmYHf*",FC Bayern,https://news.google.com/rss/articles/CBMi4AFBVV95cUxOeExxdUNYb2RkUmc1OVZIRW1MakNmTThFc0w5N0xqTjdUQ2t0ZlE5dUsxdUpNRFVsWHhwSTdlNVFfeS1uQ2Y3VXdXODdmaTZLeUhvdTh2WldJdm5rM3RwS2RvY3duX1VaQ2FEN3pHeWVVbC1ST0htaW9pVjNRQ2E1RWstZ2w5eF80cERLc01VeldYQjFpeHNmMFduMlNUa3FRMTRVcHY5QXhhYTZDeU5xb2c2Q0F3SHFLQmEzRk5TMEdEVmJMWUZsNmhhSzJRS0V5WDEzNzBQLXR4dE1TRzhRQg?oc=5,"Weight Loss Pharmaceutical Drugs: What They Are, How They Work, and Realistic Expectations *mp8ZQmYHf* &nbsp;&nbsp; FC Bayern"
2026-08-03T11:48:04.224Z,2026-08-03T04:32:00.000Z,industry,行业头条,"West Pharmaceutical Services (WST) Raised Guidance, Is The Upside Already Priced In?",Yahoo Finance,https://news.google.com/rss/articles/CBMipwFBVV95cUxNSFFpZ0VnMW93NTV5OWRCV2YyR1NMN3Jwd1Z4X0x0bDc2VjdZR3JHWEUxelZWQUhJVDFhbldZNXFWekl0eHBXbU5NV09NUU1iT2g1bHhGd2JzZVJxeVdzTUNiYXB2TVZtaV9fMWJsSTEwam5QMkM2Wm9GMnJyYzZ1MG1SZUFiSFpPOGVqLThBcW1BQjdnb1RIMUdhTm4wMHdyQmlQLUV1WQ?oc=5,"West Pharmaceutical Services (WST) Raised Guidance, Is The Upside Already Priced In? &nbsp;&nbsp; Yahoo Finance"
2026-08-03T11:48:04.224Z,2026-08-03T04:25:35.000Z,deals,授权与交易,Editor’s Corner: Why an AstraZeneca-Bristol Myers Squibb merger is a bad idea,Fierce Pharma,https://news.google.com/rss/articles/CBMimAFBVV95cUxPaXRwUjBMak9qSGt2S0JZMkdZWjJjOUhnYzVsNVVESngySHJ3ZUpFanhEeFZHWUktc2k5amdOVnU5SUZKTUVuZGNQQkVESWdNQkVMVUp4cGdxTkZRRHYySWJ2YmFCVnB6SEQxRUpndHFZZnVmTE9oYzBHVWJYUFJqZ2xTTzVLa0FRTUVZZzlERXR0am05TVFLUw?oc=5,Editor’s Corner: Why an AstraZeneca-Bristol Myers Squibb merger is a bad idea &nbsp;&nbsp; Fierce Pharma
2026-08-03T11:48:04.224Z,2026-08-02T03:25:26.000Z,wechat,微信公众号线索,- 微信公众平台,微信公众平台,https://news.google.com/rss/articles/CBMiXkFVX3lxTE5TS2dURWlCa3JmMTFGbmx6RThySHgybzN1eXRkekRGSm92QlFHM29GRkZKanIyaUc3Ym9ZOGx5Y1dhN09XQTVzM1N6M1hSeGhqUm9UUXlZNXBqWm5rVlE?oc=5,&nbsp;&nbsp; 微信公众平台
2026-08-03T11:48:04.224Z,2026-07-31T20:07:34.000Z,science,前沿研发,ClearPoint Neuro Congratulates Partner Aspen Neuroscience on FDA Regenerative Medicine Advanced Therapy (RMAT) Designation for Sasineprocel,ACCESS Newswire,https://news.google.com/rss/articles/CBMi5AFBVV95cUxPSW1IWkxrbDFveEFZb1dJa2NJYkc4Tm4zdENoSko3LXcwdnF5ZVJIMklzV1oyNGVURkstQ3RVWHExYVB2NUVMMmFUbTNKdXdUYnh5V3luS3AtSmVaOWl3RjRKYXFyZ2p1UFhMWnY4SVJjSUVhQy1feTcxNkItTE5PdTlLOUExTkw1LXNxSXZDbnBGOEZhX3VfR3NZMEpOeWIwV2pNUlZMcXdyaDExMjFtRjdCSnRXalJSZ2dla1AxMnJPMVB1eV92emhpUHRZNFJ0LXVLUUdMdHFVbzRCWFV0bUdXeDY?oc=5,ClearPoint Neuro Congratulates Partner Aspen Neuroscience on FDA Regenerative Medicine Advanced Therapy (RMAT) Designation for Sasineprocel &nbsp;&nbsp; ACCESS Newswire
2026-08-03T11:48:04.224Z,2026-07-31T18:02:47.000Z,regulatory,监管与审批,A New Hope for Pancreatic Cancer,Yale Medicine,https://news.google.com/rss/articles/CBMidEFVX3lxTE1OOXhxaTRzc0tTVE9IMW94T01YS0xEczNDOVpuS2w3Z0szRlBaQXgxZUNkVU5RcElCdWVrY0NrM05EN3pjLVVGWnNjcE1uWWlwT1JkSHZQZWhvX1ZfdjdoYmJNaElwUkZzNDhCY1FMZUJXdnBo?oc=5,A New Hope for Pancreatic Cancer &nbsp;&nbsp; Yale Medicine
2026-08-03T11:48:04.224Z,2026-07-31T07:52:00.000Z,china-policy,中国政策与审批,文字解读：《北京市生物医药研发用物品进口工作方案》,北京市人民政府,https://news.google.com/rss/articles/CBMieEFVX3lxTE5MbnhBdVFzRFd6aGswVzJtbmdmYmJTMHZqVm1jVno0QWdyMnZyNE9McDZJYVFqNGhkdVk1RWVWY3VPeVJPZF9INURjaWtHT3pmY0lHRGNuQWl0eEwzQVBiWXNuZVpFMjdCak1ua0wwZ1JwWHNPUEpNOA?oc=5,文字解读：《北京市生物医药研发用物品进口工作方案》 &nbsp;&nbsp; 北京市人民政府
2026-08-03T11:48:04.224Z,2026-07-31T07:00:00.000Z,china-policy,中国政策与审批,北京市药品监督管理局等单位关于印发《北京市生物医药研发用物品进口工作方案》的通知,北京市人民政府,https://news.google.com/rss/articles/CBMigwFBVV95cUxNemxNRHpxRlFZSHZQdjRxM0xORzhKclpQYUxNZjVmMUc5OWNYaEd6aDZhZGx5SG9iMEpTVmFfbzVZSE1ZbW1DMHEtUVR0dl8xVEljNHIzTDVmOWY0dHBpbEJVREotLWkwZTlqVk80R1lQakZ4M0k2QUQ1TXNtUGZtRzhFYw?oc=5,北京市药品监督管理局等单位关于印发《北京市生物医药研发用物品进口工作方案》的通知 &nbsp;&nbsp; 北京市人民政府
2026-08-03T11:48:04.224Z,2026-07-31T06:48:00.000Z,china-policy,中国政策与审批,朝阳区组织开展医药制造企业指导帮扶工作,北京市应急管理局,https://news.google.com/rss/articles/CBMib0FVX3lxTFBCQUNmNHFjT3gyUUhRdVowdDRNdWFoX3dOdTV2Vzg0T0dibDlUQkxCMDU2ODNDSGRRM1Zwdzh0RXpRWlRtVHNYUWZaMXhwYU9hZGR6TUFDaUlUN01md2JCVVF4cEpxZGR5b2VOa1hCYw?oc=5,朝阳区组织开展医药制造企业指导帮扶工作 &nbsp;&nbsp; 北京市应急管理局
2026-08-03T11:48:04.224Z,2026-07-30T21:27:37.000Z,regulatory,监管与审批,Replimune melanoma drug wins support of FDA panel,BioPharma Dive,https://news.google.com/rss/articles/CBMinwFBVV95cUxPY2t6SVpvYlhMQUdTbE5qcXJrZlU2WnFSU21fdklkRFVBQUYtRFJCbnRpaVltWEVnWkY2YlBXOF92VHUwUmhkSFpOazVfWktJNFpkTjBrUEYxdmFzRFZBUGhiYVlmdzNDVUl4eExsbC1qVWx2NzZUMUVlOTBXTkp1d1RIT2NLTGh6Z2l3Vi1OZTdmU1p3RklOdms1TnY1dW8?oc=5,Replimune melanoma drug wins support of FDA panel &nbsp;&nbsp; BioPharma Dive
2026-08-03T11:48:04.224Z,2026-07-30T12:00:00.000Z,science,前沿研发,TSC Alliance and Apertura Gene Therapy Complete Preclinical Pilot Study Evaluating AAV Gene Therapy Approach Designed for TSC1,PR Newswire,https://news.google.com/rss/articles/CBMijwJBVV95cUxQSk5tY0ZnYmFmTkRfcUdpMk1tbWhfQjlWWHUwc0EtMUlsUk1DcTVuZnJxcXpTdVhEUHd5NXQtXzRPeldzbVRMdVBjTlJmcmFTOWtGZWE2S3FSUjBueklLRDM2ZFRjTHdGUEd1UEQtb3hHNloyVklHLUhCc2JGTmtFRFVERENPeEZDcTQ4d25NZnNnd0UyT2RmeEw4ZlZvT1E5ME5ZR2xyY3l2OGx1T05jRFlZRjdWb2t5d015d0h4LVJQRGhUOVlWMnhZWnROMEFjSVk4THN6aEdjVF8tbWtvUlB4QjBCT0N5STZ4cHdLQU8yYU1rNjFzelM4QkdMMkVKWTNSOHJmM3lHMHVwbERZ?oc=5,TSC Alliance and Apertura Gene Therapy Complete Preclinical Pilot Study Evaluating AAV Gene Therapy Approach Designed for TSC1 &nbsp;&nbsp; PR Newswire
2026-08-03T11:48:04.224Z,2026-07-30T07:00:00.000Z,manufacturing,制造与供应链,Puerto Rico: Price Movements of Top Exports and Other Highlights,Bureau of Labor Statistics (.gov),https://news.google.com/rss/articles/CBMiigFBVV95cUxNejh1M0l4OVdZYkdiQnJsZzF2LVl6c2Nja3h0aTVrendhSWFQalp2RXpKM09xcEdhYk9vY3lrVkVtUTdPc3pWbWZyXzVJVVhxeV9kY21hc1M4QVFwUUNvLTZ0Q0o2S1RmdXZEcHB2NGFacHZFeHlvLTBnWTJaSHhJeW41Z0pONjZ2SkE?oc=5,Puerto Rico: Price Movements of Top Exports and Other Highlights &nbsp;&nbsp; Bureau of Labor Statistics (.gov)
2026-08-03T11:48:04.224Z,2026-07-28T13:00:00.000Z,manufacturing,制造与供应链,"AI in Pharmaceutical Manufacturing: Executive Handbook on AI Readiness, Digital Maturity and Factory Transformation",EIN News,https://news.google.com/rss/articles/CBMi6wFBVV95cUxPdVpCNmNVVE1YUldYcXlHQXVoSzZfN1VSZVdLS3FQWldHb3BYTFYyZlc5VEt5Y2dnaFk4OXQ0ZkNLWmx2ZDRLVHZ0LTZqVENaOERfVDRtNUp5ZlBDckZuMGNLc0NJdXJZTENtbjJqWlRDcTZBX3U0eUl2Y1RpcVYxSUdBb2NZUHBDdWV6SjF5ZzA0Z0hWeVJTWHVGQnF4Rm9JbC0tcEFsOTRkU0U0bW5tUWxDVXZCcXZseGdlanU5cV9XaUNQQ1lZQ0tta0lxQnZIUkUzLXZObElET05oellsaVRhbDRKNUh2QlRn?oc=5,"AI in Pharmaceutical Manufacturing: Executive Handbook on AI Readiness, Digital Maturity and Factory Transformation &nbsp;&nbsp; EIN News"
2026-08-03T11:48:04.224Z,2026-07-28T10:39:00.000Z,china,中国市场,Exclusive / China’s up-and-coming pharma giants,Semafor,https://news.google.com/rss/articles/CBMigwFBVV95cUxNa3JiSkVnRFRqdlRKTkJERkNGcDVpYzJISllQRDl6VzRockxXZ2dWM0czS2YzYXZWRC1OYWU3c2N0QzBaSnJZQjNUcGdyQzJrdFltZHljVFZLQmM3QzYtWV9HdzlPdG5QVTVDb2loaWNpQWZGSVMtVm9UT2FnblZNQ0ljOA?oc=5,Exclusive / China’s up-and-coming pharma giants &nbsp;&nbsp; Semafor
2026-08-03T11:48:04.224Z,2026-07-27T16:50:18.000Z,company-disclosure,上市公司与年报,"Jiangsu Hengrui Pharmaceuticals Co., Ltd. 江蘇恒瑞醫藥股份有限公司海外監管公告",hkexnews.hk,https://news.google.com/rss/articles/CBMihgFBVV95cUxNZEZNUHJXM3lkTElwYTUwU3RRbEJwVHBmb3dsd1dBZUFHSlBGdHc0emtSajN3RXdlQkk5ZTI3MDJ2c2JqaTdqM3lWbWd0ak9TMklGQWFBY1diZk5tWk4tZjgtbGIxdG52NWNBZmZXZVhsa1dZZ2ZNdTlpdW5QekpmcTkzVmhPQQ?oc=5,"Jiangsu Hengrui Pharmaceuticals Co., Ltd. 江蘇恒瑞醫藥股份有限公司海外監管公告 &nbsp;&nbsp; hkexnews.hk"
2026-08-03T11:48:04.224Z,2026-07-27T08:39:00.000Z,market-data,公开市场与销售数据,【火热】人福医药1200万开拓新市场，拿下8亿畅销药,新浪财经,https://news.google.com/rss/articles/CBMidkFVX3lxTE5IRmlwR3BhcDREeXc3U2VJOXg3TmFDUERDbTBmUTBOczNkZTRBSDRZbHN6ekI0bGZNM2tvOUhiTVdvTTNlSnBNaERFY3JWVlItQTdOZVVidDhHa185eW5XeVQwV1M2U3RLY0IyLUlUU3Frcm5lemc?oc=5,【火热】人福医药1200万开拓新市场，拿下8亿畅销药 &nbsp;&nbsp; 新浪财经
2026-08-03T11:48:04.224Z,2026-07-23T10:57:00.000Z,market-data,公开市场与销售数据,58个新药遴选进院（附价格）,新浪财经,https://news.google.com/rss/articles/CBMiiAFBVV95cUxQcnE3RW1aWFhTa0hOM2wyRURJenN3OTlncjd2b2trdk9FSkpfeml3VkgzWnZCOVpRLXU4NFVEQlFrdWg2X1oxbXppQTRXcEU3dDdpOS1wS0JpbGdBY0dwNmIybV81aWNKQy1YcHF1bE81bEEyc29ncGJhVG1HUTlBaDJJYnFCTFlH?oc=5,58个新药遴选进院（附价格） &nbsp;&nbsp; 新浪财经
2026-08-03T11:48:04.224Z,2026-07-23T07:00:00.000Z,company-disclosure,上市公司与年报,四川汇宇制药股份有限公司关于签署全国总代理协议进展暨提起诉讼的公告,dataclouds.cninfo.com.cn,https://news.google.com/rss/articles/CBMipAFBVV95cUxNZS1yOW9nNHJrSWd5SGcyWEF5TDdmVmlrTUNaUXo1cWNFQURXNkNQZWhCOE16alk4b2JiQ3ZzSVVyTWQtd3JsaV9EWFZsQTdqQ242Z3RLNF9GNlA2OVh3dTBGbWhLVzVqNTc5RC1WZFlBY2hiYUFfdThEbFFZZy1jT1pmZDlPd1NGcXBkMVpkeVZiUU9pNGJNTnh4aGpMTU4yRzc2Wg?oc=5,四川汇宇制药股份有限公司关于签署全国总代理协议进展暨提起诉讼的公告 &nbsp;&nbsp; dataclouds.cninfo.com.cn
2026-08-03T05:53:48.859Z,2026-08-03T04:32:00.000Z,industry,行业头条,"West Pharmaceutical Services (WST) Raised Guidance, Is The Upside Already Priced In?",Yahoo Finance UK,https://news.google.com/rss/articles/CBMikgFBVV95cUxPVW1ydVBvNGJ6QTUxRGhTZ3BrdHZMMkliWFlzV3Jvc0h5Tm91Vk04ODlFeklDbDR6WENzbG9nZm9NUjY0Y2VnajBvU2kxZHk4YVd6aFh6M05jNkhfMWVvZG9Zd1paeXdiUnNxU2xjQWtOck9XWS1oVnJmaWNoVUxRN0FhY2lkckd0cDVXaTlBVFJJZw?oc=5,"West Pharmaceutical Services (WST) Raised Guidance, Is The Upside Already Priced In? &nbsp;&nbsp; Yahoo Finance UK"
2026-08-03T05:53:48.859Z,2026-08-03T04:16:55.000Z,deals,授权与交易,"AstraZeneca, BMS reportedly in $400B merger talks",FirstWord Pharma,https://news.google.com/rss/articles/CBMiU0FVX3lxTE40dVlZUVFfM3lLdldLdDFJaE1pSng1X0dkOWRJQU80WmVPdWJwbjUxcl9qY05OeUtzc3pJRHBjeVcyRDNDaXBpeDVaLUNlWTNraGtv?oc=5,"AstraZeneca, BMS reportedly in $400B merger talks &nbsp;&nbsp; FirstWord Pharma"
2026-08-03T05:53:48.859Z,2026-08-03T04:10:57.000Z,industry,行业头条,Biotech leaders call for streamlining of INDs as FDA’s Trialblazer rolls out,BioSpace,https://news.google.com/rss/articles/CBMipwFBVV95cUxQZzY2d1dvaTduLVhzZ0JTUldoX09wd0xPSnkwb2x1QjhWTHdpb2ZiRXJ3U3FhUm1weUJUSlZxcERMNVQ1TTVTYkxvRDVxRDUtWGcyWGthOFR3a2ZOc2ZPclNrZkR6amRmLVRqeHlqMHptclBvd1Q2RFFLWVdsRE5CUFd2YTlmUVM2THJ1UmtqX1VRSl9YRjFhc1BJWnE5YldEQlpRdUJ6OA?oc=5,Biotech leaders call for streamlining of INDs as FDA’s Trialblazer rolls out &nbsp;&nbsp; BioSpace
2026-08-03T05:53:48.859Z,2026-08-03T04:04:28.000Z,industry,行业头条,"Big deals: Pharma, manufacturing make splash in Virginia",Virginia Business,https://news.google.com/rss/articles/CBMiU0FVX3lxTE0zOEQyR01hc0FiemJiRVYtWERhaHd0c0JYNkM3RUUxbzFiOXNOc3d2S2NVQjVTbHhScUIzelNHY2VDdnNyY09VRllkYi0tNUI2bl93?oc=5,"Big deals: Pharma, manufacturing make splash in Virginia &nbsp;&nbsp; Virginia Business"
2026-08-03T05:53:48.859Z,2026-08-03T04:03:38.000Z,industry,行业头条,Pharma Doesn’t Need Another Walled Garden. Daily Command Was Built to Be the Opposite,Fierce Pharma,https://news.google.com/rss/articles/CBMitgFBVV95cUxOMnJHdk9DSWZRbUtLMXhYQWFnTERyYjBJbHI0ZVFhSUxoLWwzWi1Gd29tVE4wLTQwU00zY3EwM3RkYUs4WkEwSnR3bGJjZjFGRms4ZVZtclNUWmdidGJ5cWQwbnVGZGNhT1BuaEpCUDU5WHhqcm16VWhyNHpINnIyLW9hRjdTRVkwWUJjSWkyTmRTNmM3Ym1nWkJYX2kwb19VM05QSm9fRjUtNmZFWW9xREVSYmdwUQ?oc=5,Pharma Doesn’t Need Another Walled Garden. Daily Command Was Built to Be the Opposite &nbsp;&nbsp; Fierce Pharma
2026-08-03T05:53:48.859Z,2026-08-03T03:49:05.000Z,industry,行业头条,Why NewAmsterdam Pharma (NAMS) Is Down 6.2% After EMA Backs Ubeslo And Evlarco Approval,simplywall.st,https://news.google.com/rss/articles/CBMi6AFBVV95cUxOWEMwMUY5OEtvMGo1SnhlRGdVazNENGtqYVBNV3VOZWY3Q01CSlV3Rmd2MUxOUXdnc1NXanhVX0xlRjIwaWY2Q0hHU0tnUEtPSG1SMnJ6R3JrYXlxX2JlWFJyWGxUNVlzWVNNUTdPTnVKOGNEMHFFMWNSMWVaQlk1eEEyaVpiVmFHM1Y5SmJhRnRYdnBMSzQzSUVQU1FiZmkwaHN6V0x4NHZBZGpGUGpveHNoRGtIYXFtQ3FJdzZZMm5mbWNvZXN6RHZEUXN2cGEtRlpTallET3ZoT2xiM25ZUk84aDRfM0Z6?oc=5,Why NewAmsterdam Pharma (NAMS) Is Down 6.2% After EMA Backs Ubeslo And Evlarco Approval &nbsp;&nbsp; simplywall.st
2026-08-03T05:53:48.859Z,2026-08-03T03:34:13.000Z,industry,行业头条,How China's innovative pharmaceutical industry accelerates with reform,news.cgtn.com,https://news.google.com/rss/articles/CBMixgFBVV95cUxQWHk4M3g2ajN6ZHpmVkVWVmlUdHZ2czFsODgwVng1NjRUX1JRR2twdDJkcXdCVzFrandlVGQtTzBlWHdMRW4tLWUwOE5WWHdxc0JVaV83aFVxTWJydG1ZWjRwTnIxRWRsVWRoRWpGbWNUQ2thLXhpTUhKRkd3UEJ6TGRKVjVpOHJaN29PdFJ5YmlET00tWWlFNVFGakE3eDhoUEE5MXF1U25acXRYOHk1dU1QSzVQZEI2YzhSUzM1eWViM29paXc?oc=5,How China's innovative pharmaceutical industry accelerates with reform &nbsp;&nbsp; news.cgtn.com
2026-08-03T05:53:48.859Z,2026-08-03T02:50:26.000Z,china-policy,中国政策与审批,连云港九源医药有限公司破产清算一债会延期公告,企业破产重整案件信息网,https://news.google.com/rss/articles/CBMihgFBVV95cUxPa3gzXzRsczhuVnkydGdfaG5xbUU1NExxcHhXdV9RRWpMbUptdVVseGt0QnlxdVYtRUNVbEZDZ2VuaDY5NkswUWNubHZlcHowV2NOR1llT3I2YXQxMFkyR29NRG12QU1ScnVSd0ZVSWNIanlrVl9BWF9obmRWYUZCNTlKd1ZGQQ?oc=5,连云港九源医药有限公司破产清算一债会延期公告 &nbsp;&nbsp; 企业破产重整案件信息网
2026-08-03T05:53:48.859Z,2026-08-03T02:50:24.000Z,industry,行业头条,Biotech Stocks Need A Shot In The Arm After Brutal July: Could AstraZeneca-Bristol Myers Megadeal Be The Cure?,Stocktwits,https://news.google.com/rss/articles/CBMiygFBVV95cUxPdml3UF8tYzY1bWJlMmlVYXZGUHR1QVdnWUIzVGJfNkpYMWdyVzhFaUxrdVVoRkdkREFJd1VVNTB5TTRXeFA4dnA5c2hfdnNrTzdEOTd1M29sQUhoNnhkTnd0VE1wZHpjSk1HSTRzTEhhS0hUTWhmREpSRlpKeFltTHg3NG51NWJ5bmtDM1hnbEM0ZXByeWtBSmZIVW8yME45aWFVLVpFa3Y2VEpUZkJKZGVoQkJHcmQtTHpPV3RBdW5UU3BTcFg1ZE9B?oc=5,Biotech Stocks Need A Shot In The Arm After Brutal July: Could AstraZeneca-Bristol Myers Megadeal Be The Cure? &nbsp;&nbsp; Stocktwits
2026-08-03T05:53:48.859Z,2026-08-03T02:42:58.000Z,china-policy,中国政策与审批,【北京日报】殷勇在经开区调研医药健康产业发展工作，要求持续完善产业支持政策，提升医药健康产业发展能级,北京市科学技术委员会,https://news.google.com/rss/articles/CBMic0FVX3lxTFB0Q2xGbTlKYUdFS3VCc1VZZUNaS3NBVV9UMnc2ZTI2OGR2WVI0S2dtTmlaLXJiOTlFdE9fVjJpMXhsYnJBU2pNOE9tV1JzU1AxY21TQW5PT3dwNjFkQ3puTWlGS0hvSkpuUmdHTlRRS1RiU0k?oc=5,【北京日报】殷勇在经开区调研医药健康产业发展工作，要求持续完善产业支持政策，提升医药健康产业发展能级 &nbsp;&nbsp; 北京市科学技术委员会
2026-08-03T05:53:48.859Z,2026-08-03T02:24:46.000Z,market-data,公开市场与销售数据,镇痛药洛索洛芬钠贴剂首批仿制药获批！仁想药业、九典制药同日拿下首仿,摩熵医药,https://news.google.com/rss/articles/CBMiWkFVX3lxTFBWbXVOWkR5RW54cUZFaVJRd0VIU29oNUk0Q0tldlZvaU9MeUF4VnlqWG1UZkhOQ25NTVlfOEp2NWtBZTJHbi05REdJSHVoRXVWWXc4MDVDMFh5dw?oc=5,镇痛药洛索洛芬钠贴剂首批仿制药获批！仁想药业、九典制药同日拿下首仿 &nbsp;&nbsp; 摩熵医药
2026-08-03T05:53:48.859Z,2026-08-03T01:02:47.000Z,market-data,公开市场与销售数据,医药行业周报：关注连锁药店同店增长恢复,bydrug.pharmcube.com,https://news.google.com/rss/articles/CBMigAFBVV95cUxPYy11OGY5Q04tdndTemdLSkNCLUVoSjZrZWdyaW5ITlNVOXlvc3VFSVF3djRQWUI3dTJZM3ozbFhRUHVJTHpnZm5GMmZXcGVlMUtVa3hnOWUxaWprOEc1YUZmaHJOdEtZaVJwcG9tbC1lXzJydlVxanU0Q2tfOENrSQ?oc=5,医药行业周报：关注连锁药店同店增长恢复 &nbsp;&nbsp; bydrug.pharmcube.com
2026-08-03T05:53:48.859Z,2026-08-02T23:30:00.000Z,industry,行业头条,Ascentage Pharma Appoints Dr. Faiçal Miyara as Chief Business Officer and Jim Ziegler as Chief Commercial Officer,GlobeNewswire,https://news.google.com/rss/articles/CBMimAJBVV95cUxQbmFmd1JDRVZaaTROTDVLTmNXZW5OYzMwakFyVE93ZzE4NkRoTTNvamVpLUpJZGR1QkdJWjNfZ1FCRGVrRE9CbWhMVzl5MWNFZEM0M0lLMF9GZGVOSGFndEtKQTY0RVFpWGp4cDV6eFBQdTZxT2JxaHcycWhiZFEzbXA5eW1kVHF4dG04MjhGUlJzNTV6UlhrSVlDX2ZKM3dtamw3aUF0YTVZTnlVb3hwV01zbTlKaGRKaW9TVzZLbGNfUFEwSFZrTFZZdWhmYm50V1JocjBBaVNUeEhBOEFyQkdkVFk3OWZXTTMzVU1Xbjc4YURtQl9FYU5sWXZ4QzRsVTJFR05PeDJ0THNtWFN2M19ZdDNQYUNj?oc=5,Ascentage Pharma Appoints Dr. Faiçal Miyara as Chief Business Officer and Jim Ziegler as Chief Commercial Officer &nbsp;&nbsp; GlobeNewswire
2026-08-03T05:53:48.859Z,2026-08-02T19:36:00.000Z,industry,行业头条,"AstraZeneca held talks with Bristol Myers Squibb on $400 billion megadeal, source says",Reuters,https://news.google.com/rss/articles/CBMizAFBVV95cUxOWTM3b3YyclowY0NiOHZsQ0VWaElaZm5IVmZpRGN6TG9DemlkNDR5LTNYb0VtRm8zS0tENWtDekRSZHlFN3FnUmd2SHhhUVFmcE82dnQwNTByU0dwck1keWQwWnRXYkt2ajd4UEhuVXZaXzZmb3RWUnlwUkhYNXNHTld6Nzl2WVpvdjVwbFZFeGw1MUhRczBNemZZQVhCV0xCeWtScl9LNFd0VVByZXBwTWdZYVBzbmNwOWlXem1MRFUyZTZyRmdWbVdaS04?oc=5,"AstraZeneca held talks with Bristol Myers Squibb on $400 billion megadeal, source says &nbsp;&nbsp; Reuters"
2026-08-03T05:53:48.859Z,2026-08-02T14:07:58.000Z,clinical,临床进展,Sichuan Kelun Biotech Biopharmaceutical (SEHK:6990) Following New TNBC Filing Has Valuation Back In Focus,Yahoo Finance,https://news.google.com/rss/articles/CBMiqAFBVV95cUxNcWJTRjJRcEhXdzVIMFB0V2g0akNIUVZmZTJ0cU9kbmdTNzVJTHVlb1diYi01a2FrcEFPZmhYYmxSMkhUemV2YWRYZUxHZHR4ZG9pZGw4RGJxcy1UQUJqUFlTRmlYdEk0UlUtWjVZaW5haTJXdzRoRDlsTVJPTVc0RGgtc09QdXF6UWtvQmJXbTNNM0JaSHZzSHgtdjM5Y1IxbUZoS0hVaHM?oc=5,Sichuan Kelun Biotech Biopharmaceutical (SEHK:6990) Following New TNBC Filing Has Valuation Back In Focus &nbsp;&nbsp; Yahoo Finance
2026-08-03T05:53:48.859Z,2026-08-02T07:32:47.000Z,market-data,公开市场与销售数据,2026年中国血液制品行业竞争格局及龙头企业深度分析,摩熵医药,https://news.google.com/rss/articles/CBMiV0FVX3lxTE9RMVQtd012OEthMzQyS0hlaEZUVTZaTDRFcUF1UGhIQUFSOTYtb1lvemV0ckRfVEY2T0VjblJadTlMQW5QaWpkNTZkUURmVUpYc2JqX1pwNA?oc=5,2026年中国血液制品行业竞争格局及龙头企业深度分析 &nbsp;&nbsp; 摩熵医药
2026-08-03T05:53:48.859Z,2026-08-02T06:32:45.000Z,market-data,公开市场与销售数据,2026中国血液制品行业概览：市场规模、浆站布局与技术升级全景分析,摩熵医药,https://news.google.com/rss/articles/CBMiV0FVX3lxTE5UaktCTy1LLW9XNlRiY1ZHZmVwa09HMHFWbFFLU1I0NW40ZDhXTUY2dFgxTFdYUC15cHhHNlI1TFlQQzZqWFFtYkxfTkkzSkcxdy1BRTM2Yw?oc=5,2026中国血液制品行业概览：市场规模、浆站布局与技术升级全景分析 &nbsp;&nbsp; 摩熵医药
2026-08-03T05:53:48.859Z,2026-08-01T20:35:20.000Z,china-policy,中国政策与审批,北京市卫生健康委员会,北京市公共数据开放平台,https://news.google.com/rss/articles/CBMigAFBVV95cUxOX2UtcnhpalFZY2ZsMUgyaHU2OUtCQlU1b0E2YWZkVjRlckx5UXRxRTFkdURTVVZCZjZXUmJpdzcxMGNJVngzNDVGZFBNOE9uVEVNRTJCT1lqMlQ4VjQxN0g1cTNzWWJGcFNwODJ3enUxZUxtUElqdkhNdW85X3dENg?oc=5,北京市卫生健康委员会 &nbsp;&nbsp; 北京市公共数据开放平台
2026-08-03T05:53:48.859Z,2026-07-29T06:06:13.000Z,regulatory,监管与审批,"Insilico Medicine Receives FDA Fast Track Designation for ISM6331, the AI-driven Pan-TEAD Inhibitor, in Advanced Mesothelioma",Insilico Medicine,https://news.google.com/rss/articles/CBMigwFBVV95cUxOc19XMEZhaXkxZHJCQjhZc3dBbnVueF9odDFtNE4yTjkzM2x4aTNDYU5oS2dYUjl4SFJpQ253emxuZ3VOWjJ0d0dKLTRGOUQ1SkIxNHltQkR2dDhoR24yZ1RQLXgxSVBWUEhMRzBjczliekNWZzczVU9tTDAxYkJOR2haNA?oc=5,"Insilico Medicine Receives FDA Fast Track Designation for ISM6331, the AI-driven Pan-TEAD Inhibitor, in Advanced Mesothelioma &nbsp;&nbsp; Insilico Medicine"
2026-08-03T05:53:48.859Z,2026-07-27T07:00:00.000Z,company-disclosure,上市公司与年报,石药创新制药股份有限公司2026年半年度业绩预告,static.cninfo.com.cn,https://news.google.com/rss/articles/CBMicEFVX3lxTE5xUTB2dFdxLVNfWTBqbEgxbmU3NnVwYXNuVGx3RlduNTJBSVBBZlpkWjZYclJjcVdJNjctLUFGS2dJUk1sWHlIYUFOOTRqNW1YOWlERUxvb0RTaHdWYlB4QkFjdVJTV3dHR0tQUU9CTjY?oc=5,石药创新制药股份有限公司2026年半年度业绩预告 &nbsp;&nbsp; static.cninfo.com.cn
2026-08-02T21:12:40.655Z,2026-08-02T20:14:32.000Z,industry,行业头条,Why Billionaire Stanley Druckenmiller and Wall Street Analysts Love This Biotech Stock,AOL.com,https://news.google.com/rss/articles/CBMijwFBVV95cUxPdlpUdmVkZHZDVEJXUjNLRXJrcmN5SkdSNmItZmRURTVfajhGLXh0c3FSVzZyaFlaX1Axakt5MDhLd0pzTGhXZ25RVEpSMVBSMFBBOTZIQkduZ01WVVNLLXNzWFFMam1RVFIxMmFYWmQwSElOY0RCSzdhWmRWeDZGRk1ZdlAtV2ZBSWxlU2Rudw?oc=5,Why Billionaire Stanley Druckenmiller and Wall Street Analysts Love This Biotech Stock &nbsp;&nbsp; AOL.com
2026-08-02T21:12:40.655Z,2026-08-02T20:00:18.000Z,industry,行业头条,"AstraZeneca in talks with Bristol Myers Squibb on $400 billion megadeal, FT reports",CNBC,https://news.google.com/rss/articles/CBMipgFBVV95cUxQemlpUVZvYjZlTkR4cWxEZ0d4M2thWW5nX3p1X2Rhb1NrQ3ZFc3hfb3JSOGY2WHJRZ0VWVlNDSDV4NEhGaFhMaDFPTG9EejV6TTJLYjdDdTA0QUZ3a0hTZFRqUVA4QVZNVEs1cUVIR0t5QXBoNGVQWUREcEx6bG01M3c3NWZKazJtNnpBU2M3ZzRrS3pfb2xtcU1mU0tUbHV5T1ZYUkNB0gGrAUFVX3lxTE1mektIeHVLTTFZZ2ZWLXJfTkFFQm9xaThmSUJsa0M2OHpzMkoyay1FTUxzOWp5RDF1S20tUV9nOFVWMERqODN1YWZPVnFZTXBZWngxS0FudzlrT1U4NUVTa0F5SjJsV3F5bzdFeE9mUDluai1HZUZDaHFWQTRJTG9MSk8zVUNnSWpOdGpOeDY0RzBkLW8tQ3dkVWt3cVJ6aDBjN1dLZnJieFNDNA?oc=5,"AstraZeneca in talks with Bristol Myers Squibb on $400 billion megadeal, FT reports &nbsp;&nbsp; CNBC"
2026-08-02T21:12:40.655Z,2026-08-02T18:34:30.000Z,industry,行业头条,Kelun-Biotech's TROP2 ADC sac-TMT Advances Toward First-Line TNBC Approval in China,BioPharma APAC,https://news.google.com/rss/articles/CBMixgFBVV95cUxQdUJhVXB1UkVQX0NHUHpsSVMyLWNjNWVWM0RIbmJVbTk1S3VPNGk4eDNBZnlFRzRGeWtPWTRxN3FzTnByMm0xSS1iblUyTjR5cTdnLXYzcnl1UXlEZVR5V01TQThrUnNtcmtXVUNFVjVBMWg4cWJjR285ZEQtTE85N1ozVWluNnBXb05SZndtOWhCVFNFV3ppaDAwNkRvcFRLOVl6Wlc2N3JkYTgtTk5SdnRmb2tIZl9WQl9IVTA5RTEzd0c4U3c?oc=5,Kelun-Biotech's TROP2 ADC sac-TMT Advances Toward First-Line TNBC Approval in China &nbsp;&nbsp; BioPharma APAC
2026-08-02T21:12:40.655Z,2026-08-02T18:30:03.000Z,industry,行业头条,AstraZeneca holds talks with Bristol Myers Squibb over $400bn tie-up,Financial Times,https://news.google.com/rss/articles/CBMihAFBVV95cUxON1c2VzVRdTFOdkVORXlPXzBrd01pa0F6SjdycHk5U1VGQmoxWUFsXzNMTVVHWUNrdGl0RE1Pcm9JNHJ2d0hhM0pwSjVDc1dDRjA3OTQ3b0wzMDNqQUdOUFhrQXkyaTZiV2VKdTRnYUNVZ0dBSWFuQ0Q2TXBLOC1yVGNYSWQ?oc=5,AstraZeneca holds talks with Bristol Myers Squibb over $400bn tie-up &nbsp;&nbsp; Financial Times
2026-08-02T21:12:40.655Z,2026-08-02T17:10:33.000Z,industry,行业头条,Why Teva Pharmaceutical Stock Surged This Week,The Motley Fool,https://news.google.com/rss/articles/CBMikwFBVV95cUxPZDZ2N1FoRlc2cXBpZ1JmOC1QX1U4NjhKMXVoVVcyMF9jaHlsd3VWb19SQXZCQWp3Wnl5YVJCNWZxaFRQV3NCQk5JdjVuWUVBaGJzUUpxS3N3aXBCYnRhVHV3NWZ3RWRPM2MtRTJSSU54c1hmcVo0Qng1LVFmWk14el9ick8yV1FRUzNYN2tVUzFsam8?oc=5,Why Teva Pharmaceutical Stock Surged This Week &nbsp;&nbsp; The Motley Fool
2026-08-02T21:12:40.655Z,2026-08-02T14:41:12.000Z,industry,行业头条,Heat-Sealing Pharmaceutical Films Market Growth to 2035 Driven by Biologics Barrier Needs - News and Statistics,IndexBox,https://news.google.com/rss/articles/CBMiuAFBVV95cUxPeVRtdDQ4M3E2YkVaYk1zNzdFdnFlSXpKRW9XOTBvb0VLVnRJZHZ1Sm81NEZRN0VaaHAxWVB0WlRMUjhvaThnTnp5ZzNpelpGQW9rN1pSS0Y5R0Q1Z1JWT2hvQno3Rzh5VGF6Ql9IZzZKWlhMdWlpYlZENWpkamNkcTBEd1Z1QU04ZlNyNmNQbkF6U3Vnd0hWcmI5d0xhNGF3Z3RJbUV1bTVBcFk1UDM5cFk4M3hQdEJ2?oc=5,Heat-Sealing Pharmaceutical Films Market Growth to 2035 Driven by Biologics Barrier Needs - News and Statistics &nbsp;&nbsp; IndexBox
2026-08-02T21:12:40.655Z,2026-08-02T14:14:02.000Z,industry,行业头条,"Dear Teva Pharmaceutical Stock Fans, Mark Your Calendars for September 14",Barchart.com,https://news.google.com/rss/articles/CBMitwFBVV95cUxPczVZbFdlOXU1WkVnbVduRzIzQXlkcVRCRk5BeW45WVNwX2hnQlNBNDVvZU5tOGdnVW5YQzhYMmhYVU4yMGQ1YTVibGpKWXN1c2ZzTzllZTVvVkdudDAyaGxzbnIxVndMZlFsbGg4VF80Y3IxQkxJRnVsRHE5Q3l2Nkx4YkRkdTEzV2pnLTRjNjZ2bUo0ejRFYjB4dWF3RDB6MWotR2c5Q19GUWxiTVJObmxsY1oxWFU?oc=5,"Dear Teva Pharmaceutical Stock Fans, Mark Your Calendars for September 14 &nbsp;&nbsp; Barchart.com"
2026-08-02T21:12:40.655Z,2026-07-28T04:09:00.000Z,market-data,公开市场与销售数据,【火热】中药龙头出手了，2800万入局19亿大品种,新浪财经_金融信息服务商,https://news.google.com/rss/articles/CBMidkFVX3lxTFB0RWRrVVpXdDN2VnB0MXRRMk14amFmSFU1aXVwV1VLZ2JPNDZjRExDazJ4dWFGaTJKT3NJZzRNUmJ0MF9qcXUxSlllbHA2c21MbkM4YTVGbk1QaTFoQ0JwS3hlMkJCSkNIVTIxc1d6WWhvcVlmOFE?oc=5,【火热】中药龙头出手了，2800万入局19亿大品种 &nbsp;&nbsp; 新浪财经_金融信息服务商
2026-08-02T21:12:40.655Z,2026-07-27T13:00:00.000Z,deals,授权与交易,Veraxa Biotech advances bispecific ADC from Omniab collaboration,BioWorld News,https://news.google.com/rss/articles/CBMiqAFBVV95cUxNTXBsRjlzc3VMSkZkX1NVWk93VTJOTVF6dFJmeHNYMGo1MFptaEFHc2dkSVl1WkNiNGNmQ1lsSmlHa1VwbE9JNUJOMlN6dFdSRTRxN1dmekRrMjR6OE80OFVacnRTYXh5a2VQb0hNUzNSSHNfdjB6czB1WWVwQjVrekNRSmR3RlpJTEhYZnl0YmQyYWZyN1Y4Z3VMQnVhMGI2R2NfME1zS1M?oc=5,Veraxa Biotech advances bispecific ADC from Omniab collaboration &nbsp;&nbsp; BioWorld News
2026-08-02T21:12:40.655Z,2026-07-23T16:12:54.000Z,company-disclosure,上市公司与年报,迪哲（江苏）医药股份有限公司2026 年半年度业绩预告的自愿性披露公告,dataclouds.cninfo.com.cn,https://news.google.com/rss/articles/CBMipAFBVV95cUxPWlpSeDRQWEZnbHlwOTlhWXBMa3ZQNFZhQ0JSVDM3Njl3SUFFMzdSQk8xVURQeVR3TXhwdkVQTG5aMFlYVUpydExzMndkdXFmd3ZNRTdkRWRlV2Y1MzJiN3hKWU5YNXdBUG1fREVBLWVBOVBsWU5PZUo2eGdfVWFBRjFKV3VaRy1hbmV2Q21idnEyZjRmbUYzSThwNnNpejE2M1RzUw?oc=5,迪哲（江苏）医药股份有限公司2026 年半年度业绩预告的自愿性披露公告 &nbsp;&nbsp; dataclouds.cninfo.com.cn
2026-08-02T15:31:52.262Z,2026-08-02T15:17:08.000Z,industry,行业头条,Egyptian Drug Authority studies new flexible pricing system as pharmaceutical companies push for increases,مدى مصر,https://news.google.com/rss/articles/CBMi6AFBVV95cUxOa3JKTEl0a3NhX2lHOVJhaFA4cF9xalM1Zy1DOGVMX0dKb09icVRIb0ZHMUl3Tm9QTmY0TGh2a0dQeW1pTlZhT2FqVWZRendUeTRXSERwbW0zYWg4dExzaUpGc3ZUeG5aMm5fODFmSGZzTzFkZkhIZU16dTNFdFd0bklrQzVlbGxPU3J4blNrSmxDMkw0ZkVMMFNNbzBadkpzQ2dUV3FvN1RqMEs2bmtuV0ptdURTQ1lLd1gyMmRHR3ZDOUZZc0d4SF9KaFhOcmZQeENmSlkzV3NnU1I2Y254VGtWeEZRd3l4?oc=5,Egyptian Drug Authority studies new flexible pricing system as pharmaceutical companies push for increases &nbsp;&nbsp; مدى مصر
2026-08-02T15:31:52.262Z,2026-08-02T12:50:13.000Z,industry,行业头条,"The week in pharma: action, reaction and insight – week to July 31, 2026",The Pharma Letter,https://news.google.com/rss/articles/CBMisgFBVV95cUxNUFl3d2ZJOGNsLXBJRXAzZzEtczIwWkVDMERqeVktazYxeVUtckdxbVJaMng2Y1VETDdsS3N2RWYzU3hGNHFnSy13bXZ1V3hVUmpQTGZPd19FeS1rS1dzNm1Ha0RvNllfMFhFSkI0OU5kblVHVktoWmxwMDlsd3JsWmRfVlVtNnhqT0d4UTJmWHVvM3pPdXIxOHhXaVhmd1JwaHdHRWZKR3I2dXo0Q0lsLWJ3?oc=5,"The week in pharma: action, reaction and insight – week to July 31, 2026 &nbsp;&nbsp; The Pharma Letter"
2026-08-02T15:31:52.262Z,2026-08-02T12:28:52.000Z,industry,行业头条,Senate Panel Will Examine Biotech's Role in U.S. Health Resilience,legis1.com,https://news.google.com/rss/articles/CBMiekFVX3lxTE8tME9yd2VPUXB1UmFBcGtSV1VSelhueG1TbXNGc2FXZy1PUDhDeGQ0VlYwR3F0aFJNTFdwNlZBSmxQNXQycW9oSVpKSndUX01JS2FnWVBLb2JGbENNQ2FnMFlJZzJhUVFJaEdJQi11TktUcDViMUVnOHpn?oc=5,Senate Panel Will Examine Biotech's Role in U.S. Health Resilience &nbsp;&nbsp; legis1.com
2026-08-02T15:31:52.262Z,2026-08-02T12:06:08.000Z,industry,行业头条,Pharma Test Testosterone Booster Reviews - View OvCNxs2KN,FC Bayern,https://news.google.com/rss/articles/CBMi3wFBVV95cUxPNWQ3TUZFVE1vUDRMaDlfZzM4MGJyXy1TZ20walBkbE9BdG5ZSVdOSVBuRjIySm8zR093c1Ryc3FXbk92ZUpObW1zMWM1MTFMU3VvNjNscFg1S2EySlhwdnk5cGloYXZIVXdRUVFhS2NiQURlcFRteTJ2eWNMNENYbENVOHlDZGo4R205eFZBQ0o1NUY4YW5fbXQtVXQxc3JGSHVJTmwwZkJoT01BRl9BRU83VUpPdGVLZHg1a3BkbkhCZmdxTkowaFNLLVFwanEyWmExVVNVX3kyN3YteHZv?oc=5,Pharma Test Testosterone Booster Reviews - View OvCNxs2KN &nbsp;&nbsp; FC Bayern
2026-08-02T15:31:52.262Z,2026-08-02T11:23:14.000Z,industry,行业头条,"Statera Biopharma, Inc. Revenue Breakdown – OTC:STAB",TradingView,https://news.google.com/rss/articles/CBMic0FVX3lxTE9WZlRDME82VkZKNzVUUlBRYVlnSlI4eVJrNHhVdExKR1RIUVJqMVJaNmNJcF9yM0h5SlBEVjBCdTNqdFNJMTAtZVBmbHdFeHVfazJHc3poRWg1RkwtWnVhUlFDd2RIdHBtLUEwUWlnN21jYlU?oc=5,"Statera Biopharma, Inc. Revenue Breakdown – OTC:STAB &nbsp;&nbsp; TradingView"
2026-08-02T15:31:52.262Z,2026-08-02T10:54:00.000Z,industry,行业头条,"5 Biotech Stocks That Delivered Big Gains - Key Catalysts Ahead For QURE, CDNA, ADPT, ELVN & AMLX",RTTNews,https://news.google.com/rss/articles/CBMixgFBVV95cUxQWVBva3B0VXM5eW1lM1FIN3RPMktVUC1LLVk1anBOZU9rSEsxY1ZjN3VpYjJzbVVJVGc5U0dsRmc3U0llQkxqVFQ4R2ItZ2RXbzY2MlBwV0RZajM2OG1uNzVVMng0R05CMVVGTWVVLWRoQ19mcWVma1VOMGE3OExqWmoySFp4a09GRG1UTUgwQTN6aXZneXdpQnRTZV8yRTduVWFrOE5WVXQ3Skk4eUwzdXV2MzVTUkxBZ0dTLWFGX0V6dWlHcmc?oc=5,"5 Biotech Stocks That Delivered Big Gains - Key Catalysts Ahead For QURE, CDNA, ADPT, ELVN & AMLX &nbsp;&nbsp; RTTNews"
2026-08-02T15:31:52.262Z,2026-08-02T08:51:59.000Z,industry,行业头条,"Edgestream Partners L.P. Sells 37,986 Shares of Royalty Pharma PLC $RPRX",MarketBeat,https://news.google.com/rss/articles/CBMiyAFBVV95cUxNTHM1M2tJc2xjSjRqdWZoaFBNMGRQUEVGWFh1RGRlZjgwZnNMeTRVN1o0dTBZTkZjZmxTVklfcUxvOV9sYUxac192YXVnRVliOVc3aVBZRXQ3ZVB4V3ZLRlE0ZlBBMGZoZS1ReEEtSFZRZGMwVmt4VVhucGRZYW9PYXNIUGRkVThZeWotdVZBa0oyZEVGdzE1NFJWVFQ1QnNSd2EwcHJnekp4REoyVjVMRTRRWWdvaFRQQVp3MWhWUU05X1JKdEYxdA?oc=5,"Edgestream Partners L.P. Sells 37,986 Shares of Royalty Pharma PLC $RPRX &nbsp;&nbsp; MarketBeat"
2026-08-02T15:31:52.262Z,2026-08-01T07:44:58.000Z,wechat,微信公众号线索,- 微信公众平台,微信公众平台,https://news.google.com/rss/articles/CBMiXkFVX3lxTFBnX0cwOXNhTENla2lDVW5vdUhOVVN3eTFZWVk4Q1JvVy1NZ3M0bDdkQi04TTN1ZUhWQlJZaFdRR2dEbXBLT3ZEbndwdUdjZzU1TXdkMUZVTTBiN0UxU1E?oc=5,&nbsp;&nbsp; 微信公众平台
2026-08-02T15:31:52.262Z,2026-07-30T20:09:15.000Z,regulatory,监管与审批,Karyopharm Plans to Submit sNDA for Selinexor Plus Ruxolitinib in Myelofibrosis Under Accelerated Approval Pathway,Karyopharm,https://news.google.com/rss/articles/CBMi7wFBVV95cUxQUWZBbkNIbUdUOWhiQlFFbjNxMzZ3NGRUSEY5akY5X3ZwOW5TWlZ4ZzZKMF9DeTdCdE9venQzY1dyNlNVS3RmR1RwWU1RZmVqWjI3aDQ3TGxqR2hFQkZXa3lDQ3JLNnE2bUplbG9LQUxfYXNBZ3U2QjdlSy13akFMczlhSDlLSGcyMi16MTM0Vm1MYXdvWnU0SFlidUVTTlJNdUsxT3lQdWR0ajJaYkNUdkhSaVFxU0QyRXU1dHB3TDJDVll2SUZlbW81a0k5aXpacUg5aWtXX1VLZ1JsWlp5LXFOSVBmT1RPTnI2TkNoNA?oc=5,Karyopharm Plans to Submit sNDA for Selinexor Plus Ruxolitinib in Myelofibrosis Under Accelerated Approval Pathway &nbsp;&nbsp; Karyopharm
2026-08-02T15:31:52.262Z,2026-07-30T17:19:39.000Z,deals,授权与交易,Why Collaboration is Key in Biotech,BioPharm International,https://news.google.com/rss/articles/CBMiekFVX3lxTE9qZ2FlQjdXMVc2T292Ty1neUdQd2tGS05LYWh5UTE5YkM3TG5pX0xnaExCUFpnNTRRVU40ZDR2eUxEOXVhWktPeUl4Z0RQQTZuczdRaEx3VFA5QWd0eEQxVmpxNHJ0VFNfQXVKU2FYcGJ1ZUxYQmotX1l3?oc=5,Why Collaboration is Key in Biotech &nbsp;&nbsp; BioPharm International
2026-08-02T15:31:52.262Z,2026-07-30T15:26:06.000Z,deals,授权与交易,Booming Dupixent sales fuel Regeneron's biggest quarter since pandemic,Fierce Pharma,https://news.google.com/rss/articles/CBMioAFBVV95cUxPZFh5azlSQXdKT29velNqbERRQW9Od1A4azdZdTI4WjJraGhrNDhVNm01V2U3bXUtVzBVR2VPRzlEUmtuLUtOWjdET2NFSmVrWVRWVXNPTllNMkl6VFNZZk9ORkdJakpBRFJnY3hveEl1OUlycGJYdkFJeGNLT1hlQ0tTZVVaUTJtQ05iaU1oWUloTEZCLVpaRjFnOWxHUjB2?oc=5,Booming Dupixent sales fuel Regeneron's biggest quarter since pandemic &nbsp;&nbsp; Fierce Pharma
2026-08-02T15:31:52.262Z,2026-07-30T14:40:45.000Z,manufacturing,制造与供应链,"Resilience, Lilly invest $750M in pharma, KwikPen manufacturing",Drug Delivery Business,https://news.google.com/rss/articles/CBMikgFBVV95cUxPX2dvdVA4R0tMdHAzQ2NIbGpvcU1CdC1CVTZucXpZZGFXZE5mSm9xT2ZsZVg3NWVycVlmbm1hdE5ZSDVUSjJTaHZGVW5ZMnF2ZW9FSWJZY0NyNmtVZGtVc2JsYzRiYnczM3J5dmZ5eFNEeVJsVjhYVjVJQ2dnZzEwSV80MF9YbUQ3a2JiSjBCb3Z6Zw?oc=5,"Resilience, Lilly invest $750M in pharma, KwikPen manufacturing &nbsp;&nbsp; Drug Delivery Business"
2026-08-02T15:31:52.262Z,2026-07-29T13:13:40.000Z,deals,授权与交易,Caldera Therapeutics to Go Public Through Synlogic Merger,Contract Pharma,https://news.google.com/rss/articles/CBMipgFBVV95cUxPY1U1SmdURWxKOTZYaVdRbHZfNlN0VWJPNEdueHV2eUpKOGFTS0FXUmkyR1gtNXBpLU5Nck9XVXJUQUozVDE3QllXeTlkbEdIeWZKT1FZZ2pxRFV6MkN4a0swSWtQd2FCVzlZdjk4dWdwWC1YYU1sNDAtN0VENy1GQjZBbEJRc1ZVWDk5aVhlQm9QMTVISTYxbzBBTkNWb2h2dFdoYW13?oc=5,Caldera Therapeutics to Go Public Through Synlogic Merger &nbsp;&nbsp; Contract Pharma
2026-08-02T15:31:52.262Z,2026-07-28T13:47:43.000Z,china,中国市场,China’s biotech rise to face challenges from US policy responses,PharmaLive,https://news.google.com/rss/articles/CBMilgFBVV95cUxOREZMdGF3NGhKTWpDaEIyb1FCRlVlV3Q2QmFjRUo0R1V3TWppTmF4X3V5VUZEQzBuVk4yY2c2M0NqOEZyR0tWaDhSdzdCTmNPbVJQdVkxNXJaS09EZ2xHTWNmbU51LTNBQlVrazBBMC1wWUVmZFo3UEJ0WW94eVpNR2h1dV8tVENrNjFNTlJoSVdGc19BakE?oc=5,China’s biotech rise to face challenges from US policy responses &nbsp;&nbsp; PharmaLive
2026-08-02T15:31:52.262Z,2026-07-27T15:51:55.000Z,science,前沿研发,FDA scientists question Capricor data; Legend CEO steps down,BioPharma Dive,https://news.google.com/rss/articles/CBMimwFBVV95cUxOcTFaN09vdWxVaERiT2xDdV9jdEs3TWlqaUNfb0I3QXJ1NXU4RHZFNTFYdEF4SFZLXzRXMlNpTHpzQ3BtSUUtb01MU3dlTmozVm5uRzRFeGVLaHJ0dGY2aWExTmtYNnNzYVpkLU91djdkYk1iWDdYdDhYTlBoQXh4N3diU2Q0S3ZDSndEWk14ajE0Z1RzRnJQdkRlVQ?oc=5,FDA scientists question Capricor data; Legend CEO steps down &nbsp;&nbsp; BioPharma Dive
2026-08-02T15:31:52.262Z,2026-07-17T07:00:00.000Z,company-disclosure,上市公司与年报,博瑞生物医药（苏州）股份有限公司股票交易异常波动公告,dataclouds.cninfo.com.cn,https://news.google.com/rss/articles/CBMipAFBVV95cUxOSUZKT1IzdnJOR0xEUWIwZzJ3ei1JdUJpT3pGVGt4RFRvc3VxOGY5Y05iQzhRSlRBalFxYmx4YWFLVFdYaGpnQy1JSll0UDRQWXZheVBnSGZuRVFoVExFSTFTT1lVZ0xnSFNDMWtlUC11ZTBmeFBlUEg3bE5wUG5ZNUVVdHdUbl9mOXNQTmlWSG14cHhZNEhucGJGUkZkM3J4WkxWTQ?oc=5,博瑞生物医药（苏州）股份有限公司股票交易异常波动公告 &nbsp;&nbsp; dataclouds.cninfo.com.cn
2026-08-02T08:35:03.655Z,2026-08-02T05:21:08.000Z,industry,行业头条,Matica Bio zeroes in on bridging global biotech with Korea,The Korea Herald,https://news.google.com/rss/articles/CBMiV0FVX3lxTE5DeFl6QXQySHdDUTJDSFltOHZWXzRNWjlmQnZVN2UteHBHcDJvbzVFZkRrUEdhZUt4bjk2ckFseGJaWldYU0UwbV9RM3FSLTNQRlNBWDBXNA?oc=5,Matica Bio zeroes in on bridging global biotech with Korea &nbsp;&nbsp; The Korea Herald
2026-08-02T08:35:03.655Z,2026-08-02T04:50:27.000Z,industry,行业头条,Sumitomo Pharma (TSE:4506) Stock Looks Cheap Beyond One Off Fueled Margins,simplywall.st,https://news.google.com/rss/articles/CBMi7gFBVV95cUxPSWVrM0s1cmZrRnhuOFFpTkkyQ3hVclpkdWl0SmdlVS1TU3ZVS2tPbEFoT0RKSWRBaVVIdThrZEUxR2VpMjlqSlowZ19JRm85bU9oWHBKdzNaZ0J3TzVhSWVPbFVlSExpdXJabUNJdEtsaF9TOC01VkdkMTRJcXdQUk5rc0YyeVU2bHBERWJzWGdfVWU2WTM2V29kM0pXWERvTWQ3ZW85VzVhUWxfTER0NEFLX3dTZWlHUnJhRy0xUHBvdGFvYncyZzhENURZNnRLZDVpem9qQllhTEhJVnM5STJDLXZOOGJKWWlZSXpn0gHuAUFVX3lxTE9JZWszSzVyZmtGeG44UWlOSTJDeFVyWmR1aXRKZ2VVLVNTdlVLa09sQWhPREpJZEFpVUh1OGtkRTFHZWkyOWpKWjBnX0lGbzltT2hYcEp3M1pnQndPNWFJZU9sVWVITGl1clptQ0l0S2xoX1M4LTVWR2QxNElxd1BSTmtzRjJ5VTZscERFYnNYZ19VZTZZMzZXb2QzSldYRG9NZDdlbzlXNWFRbF9MRHQ0QUtfd1NlaUdScmFHLTFQcG90YW9idzJnOEQ1RFk2dEtkNWl6b2pCWWFMSElWczlJMkMtdk44YkpZaVlJemc?oc=5,Sumitomo Pharma (TSE:4506) Stock Looks Cheap Beyond One Off Fueled Margins &nbsp;&nbsp; simplywall.st
2026-08-02T08:35:03.655Z,2026-08-02T04:44:04.000Z,wechat,微信公众号线索,- 微信公众平台,微信公众平台,https://news.google.com/rss/articles/CBMiXkFVX3lxTE9RbHpwQ3pJamVieEhuYXlwTzNXNl9TcGZsYWV3c1FBNkh5WUUtSXc3RVRvZ1B3Zkp5SkZ3LUdIV3o5VDlpU0xOaHNSMVY2LTJvZG83UEJaUVoxRU1hUXc?oc=5,&nbsp;&nbsp; 微信公众平台
2026-08-02T08:35:03.655Z,2026-08-02T01:34:00.000Z,china-policy,中国政策与审批,跨国药企化身“生态主人”开门纳新 国际医药创新公园从蓝图走向实景,北京市人民政府,https://news.google.com/rss/articles/CBMie0FVX3lxTE1iUzRyVDFzeDJJcjA4cU1oNzB3cTVNNHVGazBsS0J4RXljRl91TXVqSVJuRlVubUhKRGtsSGZKSGQ3XzZtZEVnOE9lY1Z2X3JwdUtxUG1SOXIzNnlQRmhPaUFYLWJpM2dKUEw0WDFqcXhucFlfRmpKTFU1NA?oc=5,跨国药企化身“生态主人”开门纳新 国际医药创新公园从蓝图走向实景 &nbsp;&nbsp; 北京市人民政府
2026-08-02T08:35:03.655Z,2026-08-02T01:27:09.000Z,industry,行业头条,"Price to book forward of Pharma-Bio Serv, Inc. – OTC:PBSV",TradingView,https://news.google.com/rss/articles/CBMimAFBVV95cUxNbHFaTzAwR0lhQVJPNUJteUFaZW9OaHo1VTZONGlYX0dtZGtSdXZGNXE4eTdGQTE1Nm1xXzVkS3JmNVJNWTZqZzlBWFVpOWpuQmMxd1EtZ0xaLXpwaVNpR2ZDbi1WTG41T0Q5OHA5OXhVb3podHZmX2JPOFJqM0dkaUIwSm4tbVpmQ3htaURYTGZ3TE9nZkJEMQ?oc=5,"Price to book forward of Pharma-Bio Serv, Inc. – OTC:PBSV &nbsp;&nbsp; TradingView"
2026-08-02T08:35:03.655Z,2026-08-02T01:08:00.000Z,china-policy,中国政策与审批,殷勇在经开区调研医药健康产业发展工作时强调 持续完善产业支持政策 提升医药健康产业发展能级,北京市人民政府,https://news.google.com/rss/articles/CBMieEFVX3lxTE1uR3otYUgxSVVCS0tXSGdSd1dTbFd1LWp6UEZDNklXY3o1bEFQMzl3M3BtQkowVTdYREVpb3ZkelU2UW83dklFVjM3by02Nk1PdGhmLVp4d2V0QXlhSVQzeDFyOUg2LVp3Q1pRRGZSRm02T3Flb1lVUw?oc=5,殷勇在经开区调研医药健康产业发展工作时强调 持续完善产业支持政策 提升医药健康产业发展能级 &nbsp;&nbsp; 北京市人民政府
2026-08-02T08:35:03.655Z,2026-08-02T01:07:19.000Z,industry,行业头条,# TestroVax Testosterone Boosting Compound 90ct by Novex Biotech - View dWBSGefPa,FC Bayern,https://news.google.com/rss/articles/CBMi3wFBVV95cUxOTG1iYUdBcDYyMU5HQ19KSzY1b2puYU9WdThUd3FzRFh2Wk1xaFV4Y1NqOXJQb0l3Z0lKYkNEUE15cjJtVHpPWHd5TDlUakRLMDJHcFBPUFhVNEZMUnMyaUc1TjhDV2ZsNTZqOWQ4dEhKeVl4MkU1MkhfdXZlc3pyQlJuZzVTdzBiZzM3Y1dGazEyNFQ0WTNPTE9uRXEwQkI4ZHUtb0pvOUd2OG0zdHdTWlNOYjZPcG5Ha2tYN1NVeWtSSTcxNzhPTTduYm1BRnM4bk1nVjBHOU5mQTEyMmZV?oc=5,# TestroVax Testosterone Boosting Compound 90ct by Novex Biotech - View dWBSGefPa &nbsp;&nbsp; FC Bayern
2026-08-02T08:35:03.655Z,2026-08-01T22:11:00.000Z,industry,行业头条,XLV vs. IBBQ: Is Broad Healthcare Exposure or Biotech Growth the Better ETF Buy?,The Motley Fool,https://news.google.com/rss/articles/CBMiwgFBVV95cUxNNlRfdnpvanFMc1dUaVN5RmtjS2prcFNUTGxobWJaX0UzY0xidWJzSl93TllKQ29pRDdZalF4UUtoVy0tMGtXeDJFSkRoZjR5M2VlaVRNWl9nNmkwQ1FoTUtVRzhkZGlQbjNmTFVDVm9JQmYxSWdicWFhTlVhaFZHVE54S19BNFZONjI1U3REdjRlODNkZkFPWkFURTgxZ0lKUnl0aG9fQU4wcWcwQ25WWEYyVmZJaFZiVUtYVnB0Vkp5Zw?oc=5,XLV vs. IBBQ: Is Broad Healthcare Exposure or Biotech Growth the Better ETF Buy? &nbsp;&nbsp; The Motley Fool
2026-08-02T08:35:03.655Z,2026-08-01T18:12:27.000Z,industry,行业头条,Collegium Pharmaceutical: Pain Cash Flows Are Funding An ADHD Re-Rating (NASDAQ:COLL),Seeking Alpha,https://news.google.com/rss/articles/CBMisAFBVV95cUxOVEt0ZWZNOXFrWVBQY3V2b3ludi04WVNHQkM5RXdCdHZBWWhHQXhNdGhXUzc0OV9GNlhIMGg0Q1pEYTN5ajJPYUE1a09laXhsdm9aVHJ6d2NKd3BjYjBvMmRJYzRIT3Nabm55RzF0U1ZwelpXQXpwQTJfS05qZ3VucWtvbk9OYTJwXzJxalRDaDdUY0Z2UXpWTVdUdlg0dC1ZZGYzdlg5MDVXcVlrMlZvMw?oc=5,Collegium Pharmaceutical: Pain Cash Flows Are Funding An ADHD Re-Rating (NASDAQ:COLL) &nbsp;&nbsp; Seeking Alpha
2026-08-02T08:35:03.655Z,2026-08-01T16:58:29.000Z,industry,行业头条,6 Reasons Pharma Manufacturing Has Eyes On Puerto Rico,pharmaceuticalonline.com,https://news.google.com/rss/articles/CBMinwFBVV95cUxQOFo2UVlqa1RIcUN6N0RFRWtDak5lbUhUMHlaRkFTbDBhQ2lTNmtLQzUydThZaDAwUHJnLTk2OUxHcDhfa2tOWkZnNVpRQkp2MUx6QzU0UHdxVTZuVjRUTlppWWRQc2hrN0Jka29oQldYRU52aTVDMEFKRE51djM0T0dwYXhZNDUwTjMyd2llMUFZZTNkRG80Njh1dUhtRkk?oc=5,6 Reasons Pharma Manufacturing Has Eyes On Puerto Rico &nbsp;&nbsp; pharmaceuticalonline.com
2026-08-02T08:35:03.655Z,2026-08-01T16:12:43.000Z,industry,行业头条,Hospitals vs. Pharma—Where the Money Really Goes,Drug Topics,https://news.google.com/rss/articles/CBMiiAFBVV95cUxPY2Fjejg1b05vb3pRSmdHdkNUWnhLWFZoMGxQemxjQjdva0sxMjhMMmNRU29DSVZJTmJ2eVRBRmlUUXRZd0Y0QmlsWW9QeTVTem5taFVBUkVCYjI5TU5INzJMTmpaZWc5MjVPcF9QQXJlMlRiWUFLT2hJVHVoSUxSR1dmUTNwa3Jk?oc=5,Hospitals vs. Pharma—Where the Money Really Goes &nbsp;&nbsp; Drug Topics
2026-08-02T08:35:03.655Z,2026-08-01T15:25:22.000Z,china-policy,中国政策与审批,行政审批数据（妇幼处）,北京市公共数据开放平台,https://news.google.com/rss/articles/CBMigAFBVV95cUxPSlhwazRGNjdXRkFPRE9UT3pFUFhaYW1Ic05SUHFVd3k2NUhmZTduN1lvaE50aFJKU3ZvTExlLTlFT044NmIxWnloYlQ5VUQ1bVVFbUhvZ3I0eGlGN2RIWmZfQndreUotNmxiaktNUERRREozX3QxWFdNaTZMZklHLQ?oc=5,行政审批数据（妇幼处） &nbsp;&nbsp; 北京市公共数据开放平台
2026-08-02T08:35:03.655Z,2026-08-01T14:59:57.000Z,industry,行业头条,The 5 Most Interesting Analyst Questions From West Pharmaceutical Services’s Q2 Earnings Call,Yahoo Finance,https://news.google.com/rss/articles/CBMiowFBVV95cUxPSnJGSk1HQ3ZWQ1N6WHRsNGZEaVMxT3dHQUVfaURIUE83UlpnUktNVHRUWjBqUWUtdlRaSlZKUk5fYjlWNW5TVExFZ2h5YmhieDB3NFdLQUlzUE94VTVIazJ3aXhWOTFjMVQwaE5xS1llNm1VTG51dmxtanY1WGxlaEFER3B6VTZOd2ZqMFF4cEVEWWFRVEdieDRFal9qdnNyMlFF?oc=5,The 5 Most Interesting Analyst Questions From West Pharmaceutical Services’s Q2 Earnings Call &nbsp;&nbsp; Yahoo Finance
2026-08-02T08:35:03.655Z,2026-08-01T13:17:49.000Z,company-disclosure,上市公司与年报,博济医药科技股份有限公司关于全资子公司参与投资的新药产业投资基金解散清算的公告,static.cninfo.com.cn,https://news.google.com/rss/articles/CBMicEFVX3lxTE1oay1XZVV3aWZTc3Z6R1VZN1lhVGRPUmY5ZE1aS1EzNmpuaVdPRkh0ZEFmTm00QUpoRjhvd2JqQnpvSmhIZ2JneFVReGV0MHpzTkkza0VJdFJvNFV4TkFQOUxPS3g0M09sVEYxeU1JbU8?oc=5,博济医药科技股份有限公司关于全资子公司参与投资的新药产业投资基金解散清算的公告 &nbsp;&nbsp; static.cninfo.com.cn
2026-08-02T08:35:03.655Z,2026-08-01T11:00:00.000Z,regulatory,监管与审批,FDA weighs a new kind of flu shot based on technology RFK Jr. has questioned,NPR,https://news.google.com/rss/articles/CBMifkFVX3lxTE1GSWlVVWVZTlZ0SjhmYjJqS0I5UDNSaS1EY2xRSElFa2dHNldPWkhGUW1TaGgtS3VYRGM0TWprOE56OUltWEpTalU2SVdiV2cxbWRmbmZ6ZGFZZzYyMXI2d0hhZmdRSTJmTkc0aDZrdmw0ZDc5MGlZZXJvR3p1QQ?oc=5,FDA weighs a new kind of flu shot based on technology RFK Jr. has questioned &nbsp;&nbsp; NPR
2026-08-02T08:35:03.655Z,2026-08-01T08:45:58.000Z,china-policy,中国政策与审批,北京市药品监督管理局,北京市公共数据开放平台,https://news.google.com/rss/articles/CBMigAFBVV95cUxNQmpjRkhlZXBIVE5uYkVmUXQxQzAtZWlIVkJ2N1M2ZWx4WUdDMXZ6bDdETGwxbWhSWHlWZUd1bGg4b3dMUmFhU2gyM1NhV0UtNVZ3ak5NdkVJTmUxT3VBbmY4cS1OOThGVlhGUkhGOUZMNC1xV0h2alNpRktXa2cyMQ?oc=5,北京市药品监督管理局 &nbsp;&nbsp; 北京市公共数据开放平台
2026-08-02T08:35:03.655Z,2026-08-01T06:21:07.000Z,china-policy,中国政策与审批,药品生产许可信息（数据清洗）,北京市公共数据开放平台,https://news.google.com/rss/articles/CBMif0FVX3lxTE45bXVfcUE5MGtwNkdXZ0JmWEtCaG5tSVRiTkVTVTZqdkpmckNLbkdKNGdTY3psOHRoSUNkNmpsM05valcxZmtqVEpmcnNyUGVzamMzYjFPRWh0OTZXaVp1eVNIcC05cDBTeDNMV0ROdzFSY1pzb2hmXzBMblQxUk0?oc=5,药品生产许可信息（数据清洗） &nbsp;&nbsp; 北京市公共数据开放平台
2026-08-02T08:35:03.655Z,2026-08-01T01:06:08.000Z,regulatory,监管与审批,FDA panel backs unapproved peptides despite safety concerns,Drug Discovery News,https://news.google.com/rss/articles/CBMioAFBVV95cUxPbWJjS1A1clZmWFBkeVB0YkhuQXBoNGtubFc2TlRUUUhRcktiX0w5OGFiWWlndkVBejZ5ZzZiVi1OdGZmZGhfc05fVVJPUXl2djlZWVRXYXA5TVc5ZW0wMnZhdERHOUNzNGtMWmhDUm9HV0UtVHZJQnZLTGkzbVFDcVVtZXBWRTNjR2NIWWg1VFZkVnp3Y3Jza1NzUDk3Ykt5?oc=5,FDA panel backs unapproved peptides despite safety concerns &nbsp;&nbsp; Drug Discovery News
2026-08-02T08:35:03.655Z,2026-07-31T20:59:25.000Z,manufacturing,制造与供应链,Rock Hill inks $1.5B investment deal with pharmaceutical company for former Panthers site,SC Daily Gazette,https://news.google.com/rss/articles/CBMixgFBVV95cUxOa0lweTF6UHZ1RmJTOTRHZXp4aWZpMGJzYURnamx1WE1ITzhjeWh5M3d5WXZUUGh6Ry12TjVnSEQyeG9GMzNoNzhCNEZRREMwWl95WDFsVFAxLXBRVU1FSkpSZy1yM0tIS1VjNGdSRnZpYWZuUGVPM3JFWkRuSjZMM2w5NmRwc2RGUU96ZHR6RzZmcUp0UXFvT1RaQWZteXZmaC1SUHVqVXV0TGVaYUFrclJEazNCem0wNlU4bEtvU05OVHhZSmc?oc=5,Rock Hill inks $1.5B investment deal with pharmaceutical company for former Panthers site &nbsp;&nbsp; SC Daily Gazette
2026-08-02T08:35:03.655Z,2026-07-31T18:37:10.000Z,regulatory,监管与审批,Innovation Politics at the FDA,Petrie-Flom Center,https://news.google.com/rss/articles/CBMigwFBVV95cUxQQTd6ODU2MzhSc3AxLUUzbl96MnB3bFNVd2tmVHlVWVFrWmdHajF0dmwwY2hkNDk1Y01JM0RpU0JGcUxVenRHYm9SMmFCT050QTRSUGhMdjhrc3VWUFItQ0JTQ1FueExaWlM4UHlKZzgwMS0yMVhCeEh4bDEtVWI2cVBfcw?oc=5,Innovation Politics at the FDA &nbsp;&nbsp; Petrie-Flom Center
2026-08-02T08:35:03.655Z,2026-07-31T16:16:31.000Z,manufacturing,制造与供应链,Why Onshoring Alone Won't Secure Pharma Supply Chains,Pharmaceutical Commerce,https://news.google.com/rss/articles/CBMinAFBVV95cUxOdFE4MnlMWVpFWWdZbWZaalI4MklpYUx3Mmk0LXBIQlFNVGMteDcxR0xWR24xdW5mVzRJR1RSeW9GUHVjZzdaazRxcGdUVUtYYXFfdlhOdWZoeTZBUm1LNEVZb3ByYkM3YU05Y0dSQmk3a281TlZ1NEUzZThNSW4zelpuTWxxUFhOY2p2RFFWTUk5dl9pTEtWWWFpc3Y?oc=5,Why Onshoring Alone Won't Secure Pharma Supply Chains &nbsp;&nbsp; Pharmaceutical Commerce
2026-08-02T08:35:03.655Z,2026-07-31T16:08:22.000Z,industry,行业头条,George Mason licenses cancer imaging technology to biotech company,George Mason University,https://news.google.com/rss/articles/CBMinAFBVV95cUxNaUxoVEtRTWtjOFc4NTNWblROOHFaOWxvankxTldJaWJGT0xpTXQzT2RfMElUdk9kQUkzODFfQk5XQVZiVDlIdlo1bDhaeHd2TVpUX0JtS1d3ZVlNdVBwdzQ5ZXhGdUN0dTREeDlSdEJUVWVDQVdjNno1MlNqTW5tMXdRWncwOXl2VTdaXzllS0QteFBLQVd4dHY5MVM?oc=5,George Mason licenses cancer imaging technology to biotech company &nbsp;&nbsp; George Mason University
2026-08-02T08:35:03.655Z,2026-07-31T15:26:26.000Z,china,中国市场,The West Must Confront China’s Biotech Offensive,Center for European Policy Analysis (CEPA),https://news.google.com/rss/articles/CBMifkFVX3lxTFBMNEFaWEpzT1ZiVlRielAwa3JoWDVVMm1YX2I1LWpjZzdoMFJNZEtOWURGRG5wNU16WE9Ed0NWZlFUdlNvMEpCemlaRkM0SDZUTDRPVTcyNElZRk9Sb3psVzJxa09kWjk4Z0pSNUtjUUZIRENhb0IyajBpT2Q3Zw?oc=5,The West Must Confront China’s Biotech Offensive &nbsp;&nbsp; Center for European Policy Analysis (CEPA)
2026-08-02T08:35:03.655Z,2026-07-31T13:00:00.000Z,clinical,临床进展,Fierce Pharma Asia—Legend CEO exits; Merck’s hush-hush PD-1xVEGF plan; Otsuka’s novel ADHD nod,Fierce Pharma,https://news.google.com/rss/articles/CBMiqAFBVV95cUxPZGVXek9Xbkw4VllmX0Fadl85MTBPdmQzZmo2bHN5cENzc3poNHJyUkJGcVJYbnZ2WTV5VFJVaGVsbDhObmVfMmVXalNCVDFqS2k4SHRocGlIQzFPNm9JNXBjTGpCZHN2dTBjc3d2QTlsaVp5T2xMVEZOak9keUlVQ195ellrbnIxbW9HNjVXRzZFUzktSkJ1WV9hS1dOWHhHQ1cweGM1Y3I?oc=5,Fierce Pharma Asia—Legend CEO exits; Merck’s hush-hush PD-1xVEGF plan; Otsuka’s novel ADHD nod &nbsp;&nbsp; Fierce Pharma
2026-08-02T08:35:03.655Z,2026-07-31T12:28:29.000Z,clinical,临床进展,Novo Nordisk's cardiovascular initiative fails in phase 3 trial,medwatch.com,https://news.google.com/rss/articles/CBMib0FVX3lxTFBlVXZaVDFiN0xLbllSYjMxYlM0Y1RsZHZfQmcxX2tybU1qcUdaeC1NQ0Y3NHpUcEt6OTNTb3ZlR3NBX0dLbUJDcXQ4bVktZEJEQzBrUkxuZ2dzX1plVmNtVno2T2xVV1NpdUI4OERIbw?oc=5,Novo Nordisk's cardiovascular initiative fails in phase 3 trial &nbsp;&nbsp; medwatch.com
2026-08-02T08:35:03.655Z,2026-07-31T12:00:00.000Z,industry,行业头条,"From Abu Dhabi to Brazil, every region is vying for the ‘new emerging economy’ of biotech",Fierce Biotech,https://news.google.com/rss/articles/CBMikAFBVV95cUxONWpKMGJuanVWblpBRDY2Vk5rd1ZtNzhudUdSRU9mWW9Rdi1QUGZyVXZQV2ttSllTcFl6TmZlVkdVcjk3Q19ONzZ2ZVNwY0E1d3AwNjRGc2pEOF9rTlJ4cXQtNjhnbEpja3dIclBXMU1VSS0zQ3hrWGRTcVgxdWRQcTU3djIyMW5uYzNtbnFUckQ?oc=5,"From Abu Dhabi to Brazil, every region is vying for the ‘new emerging economy’ of biotech &nbsp;&nbsp; Fierce Biotech"
2026-08-02T08:35:03.655Z,2026-07-31T11:59:00.000Z,industry,行业头条,"Spartanburg pharmaceutical facility to close, layoff nearly 200 employees",FOX Carolina News,https://news.google.com/rss/articles/CBMirgFBVV95cUxQSkhQSHRiazhnd09ZNmFpVXFJWHBQXzBmT0FyaEpmVjFJU2lOQXlDNlFVNFU5S2lrVTJ1djlrV2xUSEpoOGxubmxUU3pyWmJRN3lRZmJ4MldrNEtlS3FBdVNaaXd2VEJVdVJpVlg4VlppTGdWVnBjdGFRc2dsTDR6T2lPdFhUdklOUTZDLUJhdl9Pa1RUekpMY2tRdEJRZ3hyZWE4a29pZERFZjZ0amfSAcIBQVVfeXFMUGdPRk9Jd3hoY2hVWlFGWVNDdjMzME1sZFd3Mk11eFR6UnNKM0t6YjFLb0I0dXhwZFdDZVdUTFVZSVV0VW12NHY3VmtiR3hucnhYSjI5OE9BNGRiWmVUYWpEbndhdlVmM254RHNuYkRtdE9aYjlCMU95SndHX1ZHdmF4NFAtNExxN2tUYjFkR0RfX1R1YzJHNmptZmtJRm5SQXNwc05MQ04xQThndTlMQTIwMUtmb2hRaFNhcFE5d1R3MVE?oc=5,"Spartanburg pharmaceutical facility to close, layoff nearly 200 employees &nbsp;&nbsp; FOX Carolina News"
2026-08-02T08:35:03.655Z,2026-07-31T09:59:59.000Z,china-policy,中国政策与审批,北京市中医药管理局2026年医疗质量提升督导评价项目遴选公告_通知公告,北京市中医药管理局,https://news.google.com/rss/articles/CBMickFVX3lxTFBPQ3hkUWdxVnFEUTJBeF9GMFN5NnpwaFJWSXlfQkI0Q2ZNNlJiSVRUS05IVTBmMWhMdzgtS2pZa05nVmljYnotLWlyYWx3Z2QxbEZDTzlCWjBYZDlrRVpYa1dqR3UyeFpxci1aRzBiN3lJZw?oc=5,北京市中医药管理局2026年医疗质量提升督导评价项目遴选公告_通知公告 &nbsp;&nbsp; 北京市中医药管理局
2026-08-02T08:35:03.655Z,2026-07-31T09:41:47.000Z,china-policy,中国政策与审批,市药品审查中心举办第七期业务精品课培训全力提升药品流通检查效能,北京市药品监督管理局,https://news.google.com/rss/articles/CBMicEFVX3lxTE1aWFNIeWxfR1BTQVFKaTVwcnBYS085UHkwcG1SWWpJRmEwUzhPQmZmdlJfSTk5dGw3SF9HNnk4UFV1bF9TaWZzVUtPSVdMRnMyZEt0cnZzZWVVTG0yNm5qNkEwZjJ0Tk9tSG4zazRsUEk?oc=5,市药品审查中心举办第七期业务精品课培训全力提升药品流通检查效能 &nbsp;&nbsp; 北京市药品监督管理局
2026-08-02T08:35:03.655Z,2026-07-31T09:36:09.000Z,manufacturing,制造与供应链,European drug manufacturers under threat from proposed US supply chain bill,Pharmaceutical Technology,https://news.google.com/rss/articles/CBMitwFBVV95cUxPZE5RaU8xb1dCemhHRDVZS0ZmUktDQkpzWGJXUkpuUlRlZV9qd2pmZk80VlhBZXlQaGdNc0JSa1FfZmh4QzBUNjZ2dHhPb3lfd1poMjlGRkQ4VE5ncHNBbjJIYnllXzYzb3l2akFiWXdLc2RBUTBhVWN3MlA4cWlOWDVqV01FUHRqMW9hS0hNbzNQSWlENVNGN0NtRUhfcEtJRm5tWXpRUG5acXI3MTdOQVVwQU5iM2s?oc=5,European drug manufacturers under threat from proposed US supply chain bill &nbsp;&nbsp; Pharmaceutical Technology
2026-08-02T08:35:03.655Z,2026-07-31T08:27:49.000Z,clinical,临床进展,Karyopharm crashes as Phase III XPORT-EC-042 trial misses goal,thepharmaletter.com,https://news.google.com/rss/articles/CBMiqwFBVV95cUxQdEhoV2k3ZFQ5SHNBTEFnbkFnc1I5UkpESjY3ZUptQU9qM2xkRGowaVNHRFZvcGxVVTJ4b0xDb0FSbHAzYS00ajcxU1otNlNNaEtiTUE0NUQxeXVKUUxJdkFKaWcwZTV3YnF3dURKTFZWcVctUDM4R0NzNXhzTWRjOC1WN0RXclhuU21yM2wzUHpOemIwcEp5SDN4blNVUDhKWXBFOW9VX05SVjg?oc=5,Karyopharm crashes as Phase III XPORT-EC-042 trial misses goal &nbsp;&nbsp; thepharmaletter.com
2026-08-02T08:35:03.655Z,2026-07-31T08:25:55.000Z,company-disclosure,上市公司与年报,重庆华邦制药股份有限公司2005 年度业绩快报,static.cninfo.com.cn,https://news.google.com/rss/articles/CBMicEFVX3lxTE91a0ZISWVaSi1pYWxFUnlma3JiLXRlcjRibWdqc096OU5FRDRoM245Y2dmTmlpQUI2OHZIam9hRzJkSXBSamJLNFR6SVBXX040ZXRQWlpuaHhvcDZxSXR3VmlEaWNqdDFRYnRONDg3eXI?oc=5,重庆华邦制药股份有限公司2005 年度业绩快报 &nbsp;&nbsp; static.cninfo.com.cn
2026-08-02T08:35:03.655Z,2026-07-31T08:24:14.000Z,china-policy,中国政策与审批,北京市药品监督管理局北京市科学技术委员会、中关村科技园区管理委员会北京市经济和信息化局北京市商务局北京海关关于印发《北京市生物医药研发用物品进口工作方案》的通知,北京市药品监督管理局,https://news.google.com/rss/articles/CBMic0FVX3lxTE5jWjk2VDBmMW0yb2hSeS1lSG9jUDVTXzc4M2tjNHZMeVhIbVp5R25HRjllVmY2RkJ1QWlBTDJXZjZlYzhlWkNmQlQ1SFZmbFoxaFZYbzFSVG0ydl9fbzdZVG9EcXYzV01MdjZPSm1LOTJseTA?oc=5,北京市药品监督管理局北京市科学技术委员会、中关村科技园区管理委员会北京市经济和信息化局北京市商务局北京海关关于印发《北京市生物医药研发用物品进口工作方案》的通知 &nbsp;&nbsp; 北京市药品监督管理局
2026-08-02T08:35:03.655Z,2026-07-31T08:17:43.000Z,china-policy,中国政策与审批,文字解读：《北京市生物医药研发用物品进口工作方案》,北京市药品监督管理局,https://news.google.com/rss/articles/CBMickFVX3lxTE1KMFFRemd6WGg3QmJtUjJJeGtTeXJHc1NjeW9kT3pkOTdTZmtIOU41ekZ5X19SV2c0elg0Nk5feG13MGxHalRtbzNqZjRZSUJGVWIyaEhVVDdqS3pOeTdzSFZBNFJ2azlIREUzRlV6dExlUQ?oc=5,文字解读：《北京市生物医药研发用物品进口工作方案》 &nbsp;&nbsp; 北京市药品监督管理局
2026-08-02T08:35:03.655Z,2026-07-31T08:11:38.000Z,manufacturing,制造与供应链,The AI-Ready Factory How ITOT Integration Transforms Pharmaceutical Manufacturing Data Into Actionable Intelligence,Bioprocess Online,https://news.google.com/rss/articles/CBMi7wFBVV95cUxOUVB4ZS15R3pwaDlGRTJ2ZFBmRkZPNjU2cnRoRnoxVExjMWk0WUlweUFzQmVwcU4xVEtKVTZNb1JpQkt0Tlh4cmdaV2MxbnZkUFpIaUIzSXNZQ3I1akFSQnFITUYzRnlvZDF1SXd2RmIzRnZtX0xhRmhaU1UzLUs0RDZsNE5QTEoxdlJfNWE5UkJwVVJNZ2FVNXhrTmplS214N1EzUng0MjhFYmZRVDA3b3JFYW1HYkotcThYa1VKc1haYVVmeUFHcExiNjNtdm9PWWk1ckoxS0NESlk5eFRjQ3RoT1dPWG9JMkNGbVk3QQ?oc=5,The AI-Ready Factory How ITOT Integration Transforms Pharmaceutical Manufacturing Data Into Actionable Intelligence &nbsp;&nbsp; Bioprocess Online
2026-08-02T08:35:03.655Z,2026-07-30T23:18:19.000Z,regulatory,监管与审批,US FDA advisers back Replimune skin cancer drug trial data,Reuters,https://news.google.com/rss/articles/CBMixwFBVV95cUxPaWRkMjZ0enVTN1Y5ZzlPRjlMUUFCbWZjUmpvb0VILXZKaTdid2hHbVl2NGl5N3FXNlZrNGF6UXpjaFM0Vk5ZUUp6ejZ0Sm14NXNvWmZBd1A1RXVoQVJqc01XNDdGX0h0LWpRMXNhUUoxRmNGemRCZUVQcFZvYXZ4UU5CYlc5dkVtZHlnZ3JjNDYtSnMtSmY2ZUhYZXRpamx6XzZDblpIOTVxdjlETmxncGVxVG5FcFF4LUhXXzhNRHhVNmdyY3pR?oc=5,US FDA advisers back Replimune skin cancer drug trial data &nbsp;&nbsp; Reuters
2026-08-02T08:35:03.655Z,2026-07-30T21:59:38.000Z,clinical,临床进展,Karyopharm slumps after Xpovio misses mark in Phase III endometrial cancer study,FirstWord Pharma,https://news.google.com/rss/articles/CBMiU0FVX3lxTE1oR0lNV21QVUF6dWc3MWd6V1doaWpTMkI1STVwZWpuVFMtOWc0aENKYUhET0tIUklTYzVVSm9jb0pIei1CWGE4UnphOTJVUHhhRVFR?oc=5,Karyopharm slumps after Xpovio misses mark in Phase III endometrial cancer study &nbsp;&nbsp; FirstWord Pharma
2026-08-02T08:35:03.655Z,2026-07-30T21:13:46.000Z,science,前沿研发,Article | FDA panel backs melanoma drug's efficacy despite data disputes,subscriber.politicopro.com,https://news.google.com/rss/articles/CBMivgFBVV95cUxORG9lcnZuQk5RajNtVUZRd3llVjk4ejZzMTlTWDU5MjMwUmtLUWlpaUpuUGZ1aldGODZ3RDY1ak9MdUlrZWp4MGFSY2ZLRXhMNi1EM3NpTXF6NzV5My1TdnNJVms3X0tnVW5DZVBpWWhiRFR3bzA4MjhEVWZqTUxUVzJyZzhPQ05KeGo4ZmVsRTM2ekhsN3RYa2NDOFd4bHR2X1pDNEowaGpMZ0EwWnI5LWlCbWNQVUt4dkdNSVln?oc=5,Article | FDA panel backs melanoma drug's efficacy despite data disputes &nbsp;&nbsp; subscriber.politicopro.com
2026-08-02T08:35:03.655Z,2026-07-30T20:58:57.000Z,china,中国市场,Federal biotech commission examines Colorado’s role in critical minerals production,Denver Gazette,https://news.google.com/rss/articles/CBMiwgFBVV95cUxOektYS2g5OHF5SWxwN3l1ajhyejhKUFJfRGtteVJzeXlBQW12Y0pYYmNUN25ZeWRkcEJiR2xlRVBsX2tQMjZFWHZMSFJENnZZWngzaXdwRVlXRzhxZENfbXpVaW0wNldtSWNyU3dFX0lOYXhTM0dkRDNqNzBwYTBwSGkwU2Fic1dVeVhEUHFKS1dZbjlJc3ZDd002WmxZeTg4VDJCYms4bVBRcjZJLWRXd2NRSlRtb3RMQmxKVzBTSExiQQ?oc=5,Federal biotech commission examines Colorado’s role in critical minerals production &nbsp;&nbsp; Denver Gazette
2026-08-02T08:35:03.655Z,2026-07-30T19:25:00.000Z,regulatory,监管与审批,"Recon: FDA adcomm votes against Capricor’s DMD drug; Cytokinetics gets UK approval, NICE backing for heart drug",RAPS,https://news.google.com/rss/articles/CBMi2wFBVV95cUxQWENZUkJzSVRtNEFxZGNYMF80YURJUVJkR05jVjJpaDNsdDVidFVUUXNfMUV4c3ZwbnFjMVFFbW95b1ZEZUR6eEl5angyMjNnb0xkU19iTFZDaVlZV1lOUFVhWXRFd2x2R2w0dFhXaUxnUmtNNVE1Y0VQMG05UXlKalQ2WDZIaFRGOU9aVl9RdjZrYmxOcHJFY0YyejV2ekh5dk1mbHpMVllMZ29ReUVnc3VPZ3VDQ05oSmZkWVNUdHlUX3hwR3VpaWx0QWdveHR3c1hTc3NHQlg4WWs?oc=5,"Recon: FDA adcomm votes against Capricor’s DMD drug; Cytokinetics gets UK approval, NICE backing for heart drug &nbsp;&nbsp; RAPS"
2026-08-02T08:35:03.655Z,2026-07-30T19:00:00.000Z,regulatory,监管与审批,Meitheal Pharmaceuticals Announces FDA Approval of Garzulys™ (insulin aspart-fsan) Injection,Business Wire,https://news.google.com/rss/articles/CBMi3wFBVV95cUxNZloxWUNadmV4TnQzLWQzb1J4cFN4U0NrTGp0WUkwV0pEMm5XUmFIaE9vMzJVSmp0MnN2bjBuQ3VxVEhaUlhMcGFfZm96d0c0UGZnWnFTN284Vkp3T1lfaXhjc2RldjZlbTV6Y3YwcjAyRGVuU285ZUJBc2FvMG82UnJQdjcza1N1Z3AyOHFjajlhWGswWW1SQ05Yd2JQU0drWU9wdV80Q0xvdlptWlJWY01EZE1vWXdIQnBnZC13b2dZdzk1QUVGTjdrRXlPQ3p3Y21VWU0wWktjYUxlTWRB?oc=5,Meitheal Pharmaceuticals Announces FDA Approval of Garzulys™ (insulin aspart-fsan) Injection &nbsp;&nbsp; Business Wire
2026-08-02T08:35:03.655Z,2026-07-30T18:53:18.000Z,company-disclosure,上市公司与年报,天域生物科技股份有限公司关于业绩补偿仲裁进展暨收到《执行裁定书》的公告,上海证券交易所,https://news.google.com/rss/articles/CBMioAFBVV95cUxNZEU1OG9UQnhQdGROUTRXWEQzTEpPVXh6dGhLd0Rkb2xCMTYzTjBhUFVYVmNYUmZocUlxVDYyWkNERGwzMVM5S0IzMWtNb29qREJwbXlreEdKczlodDZPWEZ2RGpQcG5sSGpxUmpXUDdJbEswQl9zLVZKRTFEX1ptNnV5VzNxR2NLM1ZiN1VxUXc0bTNObVJhY3dpc2lrNFRR?oc=5,天域生物科技股份有限公司关于业绩补偿仲裁进展暨收到《执行裁定书》的公告 &nbsp;&nbsp; 上海证券交易所
2026-08-02T08:35:03.655Z,2026-07-30T18:50:22.000Z,clinical,临床进展,Pfizer cues up vitiligo filing for Litfulo after phase 3 win,pharmaphorum,https://news.google.com/rss/articles/CBMiiwFBVV95cUxPdzRzNzNuODZfWDdKVUJSZ18xVm9vRVJ1RjNiclJzdm1reGRXZGxzN0F4ZmY0UWJNbHFFdjFPQWNYUkNpRVBUVjY0R2ZpX2JhcmhScUpLQUQ4S08zNnRFYy11dFVuMkZfMWtmZlozRklpZzcxLWl1bWdiWUw1SF91UG9TU2pNSlBlWnlr?oc=5,Pfizer cues up vitiligo filing for Litfulo after phase 3 win &nbsp;&nbsp; pharmaphorum
2026-08-02T08:35:03.655Z,2026-07-30T16:02:11.000Z,science,前沿研发,J&J nabs option to buy ‘in vivo’ CAR-T maker Sail for nearly $2.6B,BioPharma Dive,https://news.google.com/rss/articles/CBMilwFBVV95cUxQdjczS3FsMWlfdVJ2UHFBbXc4R2pVSXJXVUtOS1laaDZxaGFFRHR3bEdlVVdkck45QWJuTmE1R0J6MnVBZ0JhOTR3X3dIdFQ3eW9rQXdtZEpkZGpGbEVybmtvR0xMX1FVVmxSbVB1bVNscDRlcTk1VXNIbU5ULVBQTGM1aGc0Wk42OVEyOW1CbkJvUndTbE80?oc=5,J&J nabs option to buy ‘in vivo’ CAR-T maker Sail for nearly $2.6B &nbsp;&nbsp; BioPharma Dive
2026-08-02T08:35:03.655Z,2026-07-30T16:00:00.000Z,market-data,公开市场与销售数据,喉咙发炎用药怎么选？十大品牌工艺、成分与适用场景全解析,xtrb.cn,https://news.google.com/rss/articles/CBMiZEFVX3lxTE44V2RITkc5NGJUR2tjYlp6T3VrVERLTHJrNlYzQzQ2Y3JCWTg5RXljUnUwS0VsNzUzZ0xnSENaaERka01rRkhZNmk1bzhKTW03WnJyLTM0TXdIZFBnU2JMeHNWbTY?oc=5,喉咙发炎用药怎么选？十大品牌工艺、成分与适用场景全解析 &nbsp;&nbsp; xtrb.cn
2026-08-02T08:35:03.655Z,2026-07-30T15:21:18.000Z,manufacturing,制造与供应链,"Lilly, Resilience to invest $750 million in US drug manufacturing expansion",Reuters,https://news.google.com/rss/articles/CBMivAFBVV95cUxNSHFnb1dTWGJ6SE15aHFvd0VzUzVZSVhpckJQd3BSMmFTRndTdkdYRE9PTzlFLWtrMVdGbzFzeUYyUUJSVHlyTWVVOVlIR3gtWktNTVNFbm0yTFg5Y1JLamY5czZWaUE2ZkF0dE00eWE3aWEwVW9aejU0b3l5b0VPOTRFbmRyVHZnSGRnWnF5NDFlUnRKTkhLd09QRTRhbHZRWU13dW9UVVIwa3piQlBKaldoSnlydUhVN2lWNw?oc=5,"Lilly, Resilience to invest $750 million in US drug manufacturing expansion &nbsp;&nbsp; Reuters"
2026-08-02T08:35:03.655Z,2026-07-30T15:01:14.000Z,deals,授权与交易,"Pharma Pulse: Infinitus' AI Hub Play, EVERSANA's Cell Therapy Partnership, Cold Chain Deals",Pharmaceutical Commerce,https://news.google.com/rss/articles/CBMiywFBVV95cUxPTVFVdm9sRzliRjA1NjM0VjNsQTItb3ZFQ2JIeXZ6bjBsblNDNnNpb2pjeUV1OEZuRFVwRVRYckNrRG5BSGIzS1FGdGw4UGxLOEFzMmJHNHhCTEFVZHRNWldaaElYSW1qSmhhSnBFRlh1d2tpVEcxVHZNZ0NPd2VhX013a2V6Znl1TFk5RzJTRy1YRjFzLS1qSTVoUzhyRFdRN21Ma01ORkN5NV82U3c1MFV6dVpickhVcHBWUmNnUEJzVFFNWkxfQVA4TQ?oc=5,"Pharma Pulse: Infinitus' AI Hub Play, EVERSANA's Cell Therapy Partnership, Cold Chain Deals &nbsp;&nbsp; Pharmaceutical Commerce"
2026-08-02T08:35:03.655Z,2026-07-30T13:46:54.000Z,deals,授权与交易,"GSK, AI biotech Relation pen $110M biological datasets pact",Fierce Biotech,https://news.google.com/rss/articles/CBMinAFBVV95cUxOQmNMUnFQUjQtWmZUeVhZcnc2OHh5TElGR1ZPTVJiemFJcDViY3RNVTFZZzhsNHJYdmd3aHROYWRfUTRWZExaRUpZWnlMZF9IeDNwNDFwMkkxRnd6Nm94ajJoSVFpbVJRYVk2dW9aLXRyeWZVd3FmaFNLSk14ZmFwUGpaV0pSWnE1akh3TlQwT0JBbk0xQTQ5ZFgwTWU?oc=5,"GSK, AI biotech Relation pen $110M biological datasets pact &nbsp;&nbsp; Fierce Biotech"
2026-08-02T08:35:03.655Z,2026-07-30T12:27:12.000Z,science,前沿研发,TSC Alliance and Apertura Gene Therapy Complete Preclinical Pilot Study Evaluating AAV Gene Therapy Approach Designed for TSC1,Morningstar,https://news.google.com/rss/articles/CBMilgJBVV95cUxNeVhtNnpELXlfYS1QUkNFUF96TkYtTE1KWTQyU1BhcTZPbGFrTGZuU25sQklFVEtDRnFJMVJhTmQtdFZjSEp2U3JLWGhlQzBoX2ZDUVozQTI0YUp0NDJrYlpvUEl3TVUyaEtGNEFrR000Vl9YeU9qRUxHbGhEellfdFlGeHhldkJEdEtMNTFUeXpRRDY4OFVaSGJERFBxVThGS1pJSDBHRExPVllRMHk4V2djeW11VldLOFBIb2daRTNVS1RMbFBsc2FMTG1HMmtMeFhuN0RDMm5ZZjdlX2w3U19iTnlVYjBfeERYdUcta2tTS1FYQTN0eUVmck44cUM5RjZiUTZkdlZGSjNodEswOGNRLWNPZw?oc=5,TSC Alliance and Apertura Gene Therapy Complete Preclinical Pilot Study Evaluating AAV Gene Therapy Approach Designed for TSC1 &nbsp;&nbsp; Morningstar
2026-08-02T08:35:03.655Z,2026-07-30T10:44:32.000Z,science,前沿研发,J&J wagers on next cell therapy frontier with $2.6bn Sail Bio acquisition option,europeanpharmaceuticalreview.com,https://news.google.com/rss/articles/CBMi2AFBVV95cUxQWWdiVVlKb3pxNlJadE92bkJXbVp1Qm9CRzdwTURGVmhabnB6UEFaSVp3WHgyTHpGeWx4Z3hoTWtWenNibzRIZ1Y0R1hla2lZb05yZ09qdnhOcHBHWGtJUEFTMFVyZ01rY0drRlljdEd6ZVdCd0xkV1BTenU3YnE0Rk1XaVVWcXZPTkJORFZUMnNCbHJnN0tsWnVsendfR09QUDAyRjB6Qmh5NWE5ZjRUb3ZvbGxoR2k2T3lQcTdjNkNETGdtQU1CSWtQOXZrRUhtOVZQYTRweFk?oc=5,J&J wagers on next cell therapy frontier with $2.6bn Sail Bio acquisition option &nbsp;&nbsp; europeanpharmaceuticalreview.com
2026-08-02T08:35:03.655Z,2026-07-30T10:40:51.000Z,science,前沿研发,"AdCom expected for uniQure’s Huntington’s gene therapy, chief medical officer says",Pharmaceutical Technology,https://news.google.com/rss/articles/CBMixgFBVV95cUxNTUdUS1R2bW1icHhEY1hZZTFLeEc3bV92aXp0ZkxuM0lzZE1rdFhCdHpwMEFmcGNHRmhseWdYcjFjZWgwQ09QWmVHTzUyakRvZ0VUbVNIbUxxOExUYzR3SllSbWNESGZNdjFBdzE5cGhxOE5CcjcyTmlsRGNXQjBTQmtYbjhrS0F3WEQ0a2MwSHBSRURzc1NLUmJwdE5HMTMwWjZtMWVuamY0ZGNkMFluVGpkTlI5Tjk4VkdDZlZ6MTRPZGdELVE?oc=5,"AdCom expected for uniQure’s Huntington’s gene therapy, chief medical officer says &nbsp;&nbsp; Pharmaceutical Technology"
2026-08-02T08:35:03.655Z,2026-07-30T09:29:11.000Z,science,前沿研发,"J&J pays Sail $785M, securing option on in vivo CAR-T buyout",Fierce Biotech,https://news.google.com/rss/articles/CBMinwFBVV95cUxNSUJxdTA5d21OYk9NcEJ0SUtubFEwOGtNS3Z5QjY5MTdVT2UtQzdzTmZINnV2OWVYdXpfWUxPR2NUUXNORldCTmc2SzNINjViNjhublBFOGRWNWZfWWQ5aVR3LV8zS2ktaUpJaFRGV1NDcHE2MEQyRENTdDlBSWprUTJQVExSZVg1ZTU3eE5nTldDYzZHRWVyRWQ3aEpwa2s?oc=5,"J&J pays Sail $785M, securing option on in vivo CAR-T buyout &nbsp;&nbsp; Fierce Biotech"
2026-08-02T08:35:03.655Z,2026-07-30T08:48:00.000Z,market-data,公开市场与销售数据,65种药品集采明日开标，有品种面临49家企业角逐,Sohu,https://news.google.com/rss/articles/CBMiiAFBVV95cUxORTZLZDRTOVJueV8tdF8yUnRwWFI1OC1ZdkFQN1FveW9NNFN4RzRHOVZwblp3dlpkS29VdHVOcmpLYlpwZXVFTHEwY1EtOWZkM0tTZll4ZjUyVnhRUzFYbmpoaUVOVFh4ckFOX2hoRERUZ3kwMHY3cVJrUjNQaE11WmRPTUctRDBq?oc=5,65种药品集采明日开标，有品种面临49家企业角逐 &nbsp;&nbsp; Sohu
2026-08-02T08:35:03.655Z,2026-07-30T08:30:25.000Z,manufacturing,制造与供应链,U.S. dependence on China is a national security risk,STAT,https://news.google.com/rss/articles/CBMinAFBVV95cUxQdmtkSXBkc0N4YmhXSXY5WFBld1JzSEtVNHRfdV9jcUFlMjRyVUhCSkVvVjdtcGY2M3hRTjFmNFEwVU45U2VRU3l6cW1Qd1JvNmN0MXJJTkdydWV5c29HTGlaY0V1NmJUb3pzOHJaZ095U2N0RTF2aFpQYXdDUEstRmhDTzRiLWs1Z3JweFltR1YwQVh5NFVDZGZNbVg?oc=5,U.S. dependence on China is a national security risk &nbsp;&nbsp; STAT
2026-08-02T08:35:03.655Z,2026-07-30T07:00:00.000Z,science,前沿研发,"Database of Publicly Announced U.S. FDA RMAT Designations, 2026",BioInformant,https://news.google.com/rss/articles/CBMiYEFVX3lxTE5MUHpHZ0NjU3c1VlB6Y2djYnYtQUNiTWVWTDVPTlQ3ZkM4MmFHbXlPSkJ6QVZFQjhScW5haXpicXVrMnpuUkdNX2dCY3FLYmdfbXlGbTFmS0FNaEExcGFIeg?oc=5,"Database of Publicly Announced U.S. FDA RMAT Designations, 2026 &nbsp;&nbsp; BioInformant"
2026-08-02T08:35:03.655Z,2026-07-30T05:00:00.000Z,manufacturing,制造与供应链,Reinventing the Wheel: FDA’s Hub-and-Spoke Fix for Drug Manufacturing Registration,ArentFox Schiff,https://news.google.com/rss/articles/CBMiuwFBVV95cUxQbWNnY2RtY3NMR3MzR0Fid0lqaHFRbFhkdGVvMEdaYzFGSlJYcFlkaUctNGlCdmhTRzhuMHVkSVF2ZVRsMHMyQWhvc1NTZld0XzBJMWo2eGl3M2pTLUw3dUFqS010cjhpSmw5OTE0MDBta2RuSWxnaTRoX0VRQ3AyRkxsc3F4SHktWEltdEQ4WXhJbV9ub1FHNnh6V2Y2Y0lNMjBlajByNm9oWTlBRkp1b2hrUVFwdFAwOWZB?oc=5,Reinventing the Wheel: FDA’s Hub-and-Spoke Fix for Drug Manufacturing Registration &nbsp;&nbsp; ArentFox Schiff
2026-08-02T08:35:03.655Z,2026-07-30T01:10:00.000Z,regulatory,监管与审批,Outlook Therapeutics (OTLK) Is Down 24.3% After Landmark FDA Wet AMD Drug Approval - Has The Bull Case Changed?,Yahoo Finance,https://news.google.com/rss/articles/CBMimgFBVV95cUxOTS1HWFlxOGVOclY0RWNNdGNsM2huU2hSZkNVYnROM1k5S0pNc0JWMXJuamNxc2k2SEV0ZzJQRVlVcG5ZM1gzcFU5TzNwUE5adjN5d3lRMEllbTRodTdUX3hWakV1WVY2ZE1QV2Fta3Zja3JuQWFJS1dMUVFQUkhGd24yVVVyMEloNW5scnFwbk9KS2Q4MXNaWWRB?oc=5,Outlook Therapeutics (OTLK) Is Down 24.3% After Landmark FDA Wet AMD Drug Approval - Has The Bull Case Changed? &nbsp;&nbsp; Yahoo Finance
2026-08-02T08:35:03.655Z,2026-07-29T22:21:58.000Z,regulatory,监管与审批,FDA expert panel recommends against approval of Capricor’s Duchenne drug,STAT,https://news.google.com/rss/articles/CBMinwFBVV95cUxPejh6VERYRXZaZWc1RmFCNDloTXJnRWVKSWNVbkQyM2o1TS1YS0lXcWFwMDBJOHd3NGtUSjJHUlNOd2MwdWdZTEl4SmNVVWtEZDA5WTIwZlphcjFFS29NcjEwMVptVWxmX01UbFBZWlY1cktDV1ZRT3NFMld1Vy0tZ3pqcVR5U0FOWDdaRjRwNGM4T1h4TjhXY3BLYnFEZGs?oc=5,FDA expert panel recommends against approval of Capricor’s Duchenne drug &nbsp;&nbsp; STAT
2026-08-02T08:35:03.655Z,2026-07-29T21:17:38.000Z,deals,授权与交易,Melanoma Biotech Secures Nasdaq Listing via All-Share Merger,Streetwise Reports,https://news.google.com/rss/articles/CBMiugFBVV95cUxNaHZ1eXI5NTU1cGUtbXozTC1OUlBmR2xBcThIU2RLZkN5WnFjSEczcUZzcXZqbV9TU1QzZjlqUEJuMUdoTXZ4LUctLWlwMmFlY1hTOERoajdsTHdLeTROZnZMQ1dKQ1N4elJCQl9iNzBGWWtvTEFBa3dMbFlxLUc2UjJvbzFnN2lZTl9Hb0NNU2VkcE1SN01LZXhHWnVZVy1idHMtdGpaWGE5cXYzME9fQTVKM1hoalQwbGc?oc=5,Melanoma Biotech Secures Nasdaq Listing via All-Share Merger &nbsp;&nbsp; Streetwise Reports
2026-08-02T08:35:03.655Z,2026-07-29T19:26:16.000Z,science,前沿研发,Landmark Phase III Trial Finds Cell Therapy Slows Muscle Decline in Advanced DMD,Genetic Engineering and Biotechnology News,https://news.google.com/rss/articles/CBMi1AFBVV95cUxOc1Z3ZzloZFVUaHZTWHVnOUlWWEhSVnhycHB4R2lOWVBZVXF1VUdZdXdzMXNDcEhsTEJWTEpETmpfYV9IZWotZENrQXYzVmJEaS1CQmEybUR6akpTVVBoLUFEencxTFRlNzFwRF8wenZrOE15dWZ6dDhrMldVQlZmdk5YYWFuc2VoV05oNGxJS2g1cjlIWElpZWJ3cnl6OXBnVzBWQWtGZFJjMzNnM0dpUkd1eFV5YUVBalpYVWd5OElXR0JEZTJwSjRFa1loQU44Sk5Mag?oc=5,Landmark Phase III Trial Finds Cell Therapy Slows Muscle Decline in Advanced DMD &nbsp;&nbsp; Genetic Engineering and Biotechnology News
2026-08-02T08:35:03.655Z,2026-07-29T18:36:26.000Z,deals,授权与交易,"Caldera catches reverse merger mania, plots to go public in deal with Synlogic",FirstWord Pharma,https://news.google.com/rss/articles/CBMiU0FVX3lxTE9SSklwYXJyb0xzZlNaYnNSNTVqQ3A5ZTBrNzNBYk9IcUY3LXFBQzUzYVE1TTZfajJXUWFVay1nNjQ3NUV1X2thcVlaNmw3Q3B1ZEc4?oc=5,"Caldera catches reverse merger mania, plots to go public in deal with Synlogic &nbsp;&nbsp; FirstWord Pharma"
2026-08-02T08:35:03.655Z,2026-07-29T18:15:00.000Z,china,中国市场,Opinion | The U.S. could become dependent on China for life-saving drugs,The Washington Post,https://news.google.com/rss/articles/CBMilgFBVV95cUxPQUNDU2F4VWh6WHpUaTNMdjFqUkVVRFhnd2RBRG9sMEZJOHhTLUxSeV84ZlpvWGJBRmliTkoxaHllUllEOGNocS1Ub0g4UDJMYUVreGtxczNqNFBkZW1VMi1JbzUyV0d1bDFfQmxxcTBnNGhkRXBrMG44bFJBVTFIdmpNVFJPdk15bm4zOW1yNk1sTVhhaUE?oc=5,Opinion | The U.S. could become dependent on China for life-saving drugs &nbsp;&nbsp; The Washington Post
2026-08-02T08:35:03.655Z,2026-07-29T17:52:01.000Z,manufacturing,制造与供应链,UConn School of Pharmacy and Pharmaceutical Sciences Professor Xiuling Lu Receives Director Promotion,UConn Today,https://news.google.com/rss/articles/CBMizwFBVV95cUxPZW5NMmhkMnYxVHpFeG9kazFCNGgxdDl6aF9ETWl1cHR0UjZmbmQ0UGFDQlZnandFeEJtX29ESV9YcnBNRV9hYmIwRzJfTG9abWI5ZFFXZjRYZm1aRVYwTDFpa1NCLVR1aERsdFhRdVB1SjlWU0dqRUJzRW5mLUJwOGFDTFJuLTFSdVBmSlRjOWYwTDV0SWhBMDNrU3h6S1EwOUg1OGZpYTJPUkpNb3RkcXpZb3FPSmtFRkRpVjBtS0EyeTgwZ3pMZzRnTk5vM2c?oc=5,UConn School of Pharmacy and Pharmaceutical Sciences Professor Xiuling Lu Receives Director Promotion &nbsp;&nbsp; UConn Today
2026-08-02T08:35:03.655Z,2026-07-29T16:32:30.000Z,deals,授权与交易,"Caldera, Vidya add to recent flurry of biotech mergers",BioPharma Dive,https://news.google.com/rss/articles/CBMilgFBVV95cUxNNUs5NE12UEJKVmM0SUNRbkJxV2FVMkVMdUhSakxDS3QtRmZPZ08tSVpOcGk4c3NWUm82YjAwVnJzbXZRb3FEd1FwV0VoaFVGdmZqUmQyN2lBeExfMlFkdTc1cm0zaEYzc1FSTlM5eVdUV090RGRNeHVKUW52TFEwUkZ5eWlkYldITkwtS0diQ3hIOVd4LWc?oc=5,"Caldera, Vidya add to recent flurry of biotech mergers &nbsp;&nbsp; BioPharma Dive"
2026-08-02T08:35:03.655Z,2026-07-29T14:55:43.000Z,regulatory,监管与审批,FDA regenerative medicine approvals show growing momentum,Pharmaceutical Technology,https://news.google.com/rss/articles/CBMitwFBVV95cUxPLWFKdVJrSEgwNTNabEE0bm5zc0FYSlNmb2xVbGFCazFJMkNibV9zRmlGLVo2cmNNTWdNaGxFQ1p1S3ZoT0R0R2g1VXFGR19CaGNRSnNFNUNaZjYzNjIxR3MzODUtU05SZXlRcEtpeWh3OHRzMUw3cVB3NFNUbHF6eVJoQ2lGLUJvT2REZnFBWHNWaEZjT2x1bHNwcG1wa0tRVjFqeUNtZEZDNHFBVml4eGo5ODEzR2M?oc=5,FDA regenerative medicine approvals show growing momentum &nbsp;&nbsp; Pharmaceutical Technology
2026-08-02T08:35:03.655Z,2026-07-29T14:24:20.000Z,company-disclosure,上市公司与年报,"Jiangsu Hengrui Pharmaceuticals Co., Ltd. 江蘇恒瑞醫藥股份有限公司海外監管公告",hkexnews.hk,https://news.google.com/rss/articles/CBMihAFBVV95cUxQUzQ3cW5OM0QyTndxdEdUSDBtQm9TMkVfWkdFOVJjWkIyOTRvNHdzM1BRNm15MXEzcXpiTlNrSHowTmlsRElzU0lOb0piNlBtTEpCUnl4YmpqWl9vLU5JT3E5X1VEU0gwRHNRVmFTVzg2WWlqOTZua0hOQWdPY1NnWUdSLTQ?oc=5,"Jiangsu Hengrui Pharmaceuticals Co., Ltd. 江蘇恒瑞醫藥股份有限公司海外監管公告 &nbsp;&nbsp; hkexnews.hk"
2026-08-02T08:35:03.655Z,2026-07-29T14:00:14.000Z,science,前沿研发,China biotech sector fears policy backlash after girl dies in gene-editing trial,South China Morning Post,https://news.google.com/rss/articles/CBMizAFBVV95cUxNUjJnNjhQNk9FQVIyWHpneEVHbnpvSHJxcmFPWnFKd3hidnR1SmZUd0RBNFdYSmZ5UmdVeE9vSXZIWkVaV2c1TlJKYzc2R2lidlo4MTRyNmY2dEVDNk90aGMtV1JIZi1vbFhRQzBvNlBPYW5GLVZOOF85VDZUNEgwekJHX0p1RjV4N3RpbFlVNExRR19WbTdOUGZRT2pST0FRUG02dmRlb2N5VWhsbld4S3NLQ1hXYzdmVVE4ZWxoWEdEOHcwREw2Rkh6eW_SAcwBQVVfeXFMT1F3cGk5Q2puY2FuVExzdGZ1X1htdWVYaGNPMXVRdG8yclpVWWVBQm52SE15U3N5TWxtLVB0YUVBYkN2RGFmUE10Mlhsajh0X1VqN2FVZmxFODNzbVAzYXJOdF81OTV3NVh3bmZPdTJxaUhhVkVQaFBHaUxtQ0lqbVBURzdWRjBXZFhGVEkyWUJCWTNiWk44azZYang0T3FxZzBxM05fSkVONHMzaUlJSTBMTzBZT0NsWVZrcUVVaGxwOVlJREE1anE5UTN0?oc=5,China biotech sector fears policy backlash after girl dies in gene-editing trial &nbsp;&nbsp; South China Morning Post
2026-08-02T08:35:03.655Z,2026-07-29T13:32:04.000Z,china,中国市场,Editorial: How China is outpacing the US in R&D and innovation,Chemical & Engineering News,https://news.google.com/rss/articles/CBMiigFBVV95cUxOMWp6anRCM1RJSjJGZHFZRDEtcUNwMHBhdWZ0V1dTblZlcTZRNWl3WWptUnVZcVM0WTYxWTRUZjlZSHlmamNaRTVCbFhkamVveHFaXzc5VEdhazUtMlJFanRZVFk5SWd4ZnNyNDVQMXREVWVqWGpoVkNiRnhTRkNRV2gtWlg2cjI4UkE?oc=5,Editorial: How China is outpacing the US in R&D and innovation &nbsp;&nbsp; Chemical & Engineering News
2026-08-02T08:35:03.655Z,2026-07-29T12:56:37.000Z,deals,授权与交易,‘Reverse mergers are increasingly popular’: Caldera hops on Synlogic’s Nasdaq listing,Fierce Biotech,https://news.google.com/rss/articles/CBMipAFBVV95cUxQQUZESDJ6MVA1UUJVejJiRUxxTkRvSTB2QklEeG5paUF2Y093WE5TWmhLUk42OHZnUzlQNlRvWkdFb3dBWkx1bHdFdVVnVjJDUnpxQXM5cFhwV212Q2NlVFdjQ21vUFhhUTRjSFV6UFNCNGRRb1RXVmctbFNZSk50NHFmY2xpWi1pODd2aFVwR1BSaVN4clhXcTBlSGI5eEVzaWEtdQ?oc=5,‘Reverse mergers are increasingly popular’: Caldera hops on Synlogic’s Nasdaq listing &nbsp;&nbsp; Fierce Biotech
2026-08-02T08:35:03.655Z,2026-07-29T12:30:00.000Z,manufacturing,制造与供应链,"Improve Biologic Modalities Manufacturing for mAb Readiness, Upcoming Webinar Hosted by Xtalks",Yahoo Finance,https://news.google.com/rss/articles/CBMiqgFBVV95cUxPZ3d5MWdlOFJjMl9oVDdDUzB4b0pGZkdGYk4zZTNIeHBrd2ZNdmdSYnBZNmM4Z1Bta3lkYlBWYlh3TklfbkxObDUwWEJicHJKaEhoSU1EcGd3WXNibFBINnpPXzdyRk9LVENiZGNsSzRGMGFLeEdxckRhRzhUc2dJMzV2U280OFpXUzdiN0FhYVZZbkFpZDI4ZkI1VGUzdzdIVmFkMG9Hak03UQ?oc=5,"Improve Biologic Modalities Manufacturing for mAb Readiness, Upcoming Webinar Hosted by Xtalks &nbsp;&nbsp; Yahoo Finance"
2026-08-02T08:35:03.655Z,2026-07-29T12:00:17.000Z,clinical,临床进展,3 Biotech Stocks With Massive Upside to Buy Before August Starts,24/7 Wall St.,https://news.google.com/rss/articles/CBMingFBVV95cUxOTzVKVHJkMnZqTkkwcW1GbnJKREREWUxjU0JWQlQ4ekRYN1hud0JoVE9tNFdPcHg3bWhaWnkxVXQyajlSaWZVV2x1WjFlUUNNQTNCSW5HbDZ1eWNIOTk3RXo0Rk5BYS1hQ2FpV192OFVId2l2OVdtSlQyZl9wUnQzNFdnSWptMnB0MDY5SkRHdXh0NTF6TlMxVDlBYnpMUQ?oc=5,3 Biotech Stocks With Massive Upside to Buy Before August Starts &nbsp;&nbsp; 24/7 Wall St.
2026-08-02T08:35:03.655Z,2026-07-29T11:00:00.000Z,science,前沿研发,PBS Biotech Joins Organoid COMMONS to Accelerate Industrialization and Scalability of Human-Relevant Models,PR Newswire,https://news.google.com/rss/articles/CBMi9gFBVV95cUxQUXpNOWticS1PVVZRSGl6Y2w4UDZrN3hkcVlITEI1NEh5TWgtVXRaeWR1VXFFWDdSemhyT1MxeHAtcGNtbm9PRjBZRVJhbW4zSjFFRkdBSS1adVpid1FuUC1ZeGMzNTRuc2RoR1k2U1VMQml1LURScmJGelVyMlZPaVJ3TUdUVGxFbXk0TTREbFNCcjN4NWxZdkgxZTNUeW93ZFg2OTloWVUyMmExS1pyb1VsZ2F1ZjBPQ1lCRlM5Nm42TFVCZW5qdU9WZXBlNmM0MGxsdTlSVlhVTXNKYThGOUxvQURtcWx4c1hkOEFaaVZoMElaQnc?oc=5,PBS Biotech Joins Organoid COMMONS to Accelerate Industrialization and Scalability of Human-Relevant Models &nbsp;&nbsp; PR Newswire
2026-08-02T08:35:03.655Z,2026-07-29T10:04:53.000Z,deals,授权与交易,Why Chinese Biotech Licensing Deals Became Attractive to US Investors,Pharmaceutical Executive,https://news.google.com/rss/articles/CBMimAFBVV95cUxQdTExVEZuZk1OMHZIS3FBVURKLVNvSWtOaWNNZ24tS05yNlRjMU4xSTNWLVRJclZJZTh2VWtQRjU5blRuczBBOTRPUmZZRnRaZzd2ZEJONmNzaDN0NUNKS25MTTZkV05Mb253dFJWa0F3U243SXp6QzZfLTlkcjZIR1IwY1FGdFJsX0wwWjVVd2hsbE92cTc2RQ?oc=5,Why Chinese Biotech Licensing Deals Became Attractive to US Investors &nbsp;&nbsp; Pharmaceutical Executive
2026-08-02T08:35:03.655Z,2026-07-29T08:45:53.000Z,manufacturing,制造与供应链,Is VR training for pharmaceutical manufacturing a reality? — Founder gives peek behind the curtain,Cleanroom Technology,https://news.google.com/rss/articles/CBMikwFBVV95cUxQRWNINl9EY0lzeDgzcERwUU9WZVRabllSMHpIMjNTelRPNlVkeHZ6UHNST2gxcTZ3X0RYcFZBZXBycWFrZm1HTkdqbEpvTTE5QVd6cDJDTzhpTmFNeHZXa3RGU3pCUTk0aVdSdjZmZFhqcmxZNGZwdlJra3ZwemdLUTJycVFKeXJlZFY2TjNfcHg1X2M?oc=5,Is VR training for pharmaceutical manufacturing a reality? — Founder gives peek behind the curtain &nbsp;&nbsp; Cleanroom Technology
2026-08-02T08:35:03.655Z,2026-07-29T08:34:35.000Z,china,中国市场,The VA could help America win the biotechnology race with China,STAT,https://news.google.com/rss/articles/CBMigAFBVV95cUxPZVk1dngyb2hGelZrRGdmYVlfdjhnUmxMYW4tN0d4MG5Sa1VmSUZzQUNMUTR1bHViYjd6Ql95aW90enpmZmladGZDYklsMXhSRjhCa2psMEYzcHZpalZqRlVaWDZhNmk5aVBlQ2loQXNKVlB5cmlob0xkWDhwUk91Vg?oc=5,The VA could help America win the biotechnology race with China &nbsp;&nbsp; STAT
2026-08-02T08:35:03.655Z,2026-07-29T07:21:37.000Z,deals,授权与交易,CG Life embraces next-gen era in merger with AI-native agency The Considered+AI,Fierce Pharma,https://news.google.com/rss/articles/CBMioAFBVV95cUxPQWVYOG55cWExZ2djdFk3ZUVnWXByMHV6bXFoSktwS3R6Tmk0dy1MbXU3UUdRMW1YYkpaUGJUTjhuQlV5cEVjZ3ZoMjM1a2dta00xLS04QlQyRktyT3ctazhyN1VzS0JTczl2WXdTM2ZhUnRMUzhqcXpHVEJLRmtzSGpjMkdhUFNIeXJCaFQ2RENuZ1RUTWdGbU5XRkxvM0RX?oc=5,CG Life embraces next-gen era in merger with AI-native agency The Considered+AI &nbsp;&nbsp; Fierce Pharma
2026-08-02T08:35:03.655Z,2026-07-29T07:00:00.000Z,deals,授权与交易,Layoff Tracker: GSK cost-cutting plan includes global layoffs,BioSpace,https://news.google.com/rss/articles/CBMiXEFVX3lxTFB1N2d4NnYwN0JiU181Tm9vV0dUM1c1NWVMUHNCdlZFVmRSZXpmRFp3TnBQUVJXYnFYV1VlNVBIZXU0TzY4bE5BNTd4NGpIT21aYlZHMy1qSW1HWDFH?oc=5,Layoff Tracker: GSK cost-cutting plan includes global layoffs &nbsp;&nbsp; BioSpace
2026-08-02T08:35:03.655Z,2026-07-29T07:00:00.000Z,china-policy,中国政策与审批,彰显特色优势，北京佑安医院主办 “北京中医药学会中医应急工作委员会2026学术年会暨2026年北京市中医应急培训演练”,北京市卫生健康委员会,https://news.google.com/rss/articles/CBMifEFVX3lxTE1UNjRvU2duaHhubzVMTkZZTURXcER4VXMwNGpXbzBxYnNobmRYT3hvZHFEVEJEbVhndVVQdjBrQUN6bjhlUFdFbTRVRENMYTNIRUtQQnNzSXNLWWJRMkFyMFBJXzFaNXRLWlJGWjRjQnp3RGtWeFgtczBoNkg?oc=5,彰显特色优势，北京佑安医院主办 “北京中医药学会中医应急工作委员会2026学术年会暨2026年北京市中医应急培训演练” &nbsp;&nbsp; 北京市卫生健康委员会
2026-08-02T08:35:03.655Z,2026-07-29T07:00:00.000Z,china-policy,中国政策与审批,【一图读懂】北京医保线上购药一键结算送药上门,北京市医疗保障局,https://news.google.com/rss/articles/CBMijwFBVV95cUxONkhXOXhMQ2VNcUgyY0ZsdUVkbVFQeEJtTXEzVUlmV092b1J1M2hoZzhGMDVkSm9Vc1hucFI4WTZTbXZseVBOVXFjbjctVUpXRkhKSGlKdk9NMmN4RkFET09Bc3Y0bmZFWko0X0FlOWNBOTNxUi1Bc1cyUWUtWFhpWFBaaExIVnJnRXAtTWVHWQ?oc=5,【一图读懂】北京医保线上购药一键结算送药上门 &nbsp;&nbsp; 北京市医疗保障局
2026-08-02T08:35:03.655Z,2026-07-29T07:00:00.000Z,china-policy,中国政策与审批,吉林省亚泰医药物流有限责任公司预重整案债权申报公告,企业破产重整案件信息网,https://news.google.com/rss/articles/CBMihgFBVV95cUxOeDllRUhRVktHOTdPNVFvanoyUC1BMlVxekN5dWVCZWVPRFE2X241T0IwcllNTWluak5pMG1jdmlJWUhaejVvRDMzRGZmdjNIQmQxY3VmelpSUWVFTlYyS09MUVp5QU5mNW5fcmd2YnZfXy1nSEptVVF3c0pzczZyUnlKb1JNdw?oc=5,吉林省亚泰医药物流有限责任公司预重整案债权申报公告 &nbsp;&nbsp; 企业破产重整案件信息网
2026-08-02T08:35:03.655Z,2026-07-29T02:45:11.000Z,china,中国市场,Scandal Exposes Limits of China’s Scientific Rise,foreignpolicy.com,https://news.google.com/rss/articles/CBMingFBVV95cUxPVDF2NFpPcmZmZTd6U1pvS0RUY0QxSGF4TF95NF9NZkhiTVBWanVXTVBRTWUzQV81amxubEhFdmQxOUVIZTVWcjNSRFRZeklDbjRVZ1RrWXF1aWp4dURhZE10Yk56WGRoNkNWUXBvVks0eTZuNEt0NmNySW8xMnJxYVM4WUZGaWRobXBsMmx5YS1kSlVHMnY1RWc4NklnUQ?oc=5,Scandal Exposes Limits of China’s Scientific Rise &nbsp;&nbsp; foreignpolicy.com
2026-08-02T08:35:03.655Z,2026-07-29T02:37:04.000Z,market-data,公开市场与销售数据,2026年IL抑制剂市场深度盘点：司库奇尤单抗封王，度普利尤单抗紧追，仿制药企蓄势待发！,Sohu,https://news.google.com/rss/articles/CBMijAFBVV95cUxOem5uc2NveGczdnVCR2NyazBOVHdnU1g5bXlXaVNCZFAwYmpuZTdPTWpDR1VveTVGdTh2MGZ1dDlkVk5sTWhuOF9OVWdCSXJyOW0xUHpMcEx5bUdzUHlRb0huZ2RSVjdiLUJKbGxWUWdqNGdzMFdZUVV1LW14SWpWM3VmNzNXVlhMQl9OXw?oc=5,2026年IL抑制剂市场深度盘点：司库奇尤单抗封王，度普利尤单抗紧追，仿制药企蓄势待发！ &nbsp;&nbsp; Sohu
2026-08-02T08:35:03.655Z,2026-07-28T15:17:00.000Z,clinical,临床进展,Oak Hill Bio merges with RA Capital SPAC; InnoCare’s TYK2 drug hits in Phase 3,Endpoints News,https://news.google.com/rss/articles/CBMiogFBVV95cUxOUWlGYWNmVGxnWm5rbmw3bzd2aUpuTkZ2TGV3cHc5cUtvaW5fZjkyRDdSV2loN3M5TlBkNlNvMi1CWnhhbmI3NXFjLXY1ZmluWFRuYXR2N2gwLThQTXR6WmRyNFdwU3JRU2ljZmdTQzMwem9LN0hScFJYU25vYUE4ZW5CeHNhNmk4dzNHT1hRMVVBS05MYlFyWF9RdTFDbTRDaHc?oc=5,Oak Hill Bio merges with RA Capital SPAC; InnoCare’s TYK2 drug hits in Phase 3 &nbsp;&nbsp; Endpoints News
2026-08-02T08:35:03.655Z,2026-07-28T15:00:09.000Z,deals,授权与交易,Record Chinese biotech out-licensing meets rising US scrutiny,South China Morning Post,https://news.google.com/rss/articles/CBMivgFBVV95cUxNNTlrM1B2WXQ0NGhxeTQta3gwd0l5NFhtSkRFZUF5RmNxcjU1cVMyRzF2X2ZtSkZ6eTRUeXRuWjJydllEQVBrRTYtZWltcHJaeUE1VDgxLWpEZFdxRllWNzVibkhMdTM1ekdYU09zMFhwQU4tZG1PTWFFNkNHUFUxdms3eGFteDQwSk1mRnVNTjh4U2tNcDRFN1NVWDJoXzhmcVZwSzZqMFdyYVYtSG93TXhmVVVGVXhwQWRCcktn0gG-AUFVX3lxTFBsNVVBUVhNZmhjR19oX21Ib0VXd0UzRm5vaExvQVpRaWJVdlltYnJVbURCbExCcXU5YWlTT3BSQklCUEllcV9uWHc1bXdxcDZ1M3hLOGFVcGd5UDkyejVWZDRXX0xDRzZiVE5rZk82QUQ5cTBqRzJSZGk0MDBfUF9nUlRvRUgzUEZLZ0V3clB1UEVRRVVuM2lXLTRBRDZZdExNTWY2RE5jaGdHV3F0WVF0SWNiZTl2U0NWNGREUFE?oc=5,Record Chinese biotech out-licensing meets rising US scrutiny &nbsp;&nbsp; South China Morning Post
2026-08-02T08:35:03.655Z,2026-07-28T13:08:59.000Z,clinical,临床进展,Atea’s hepatitis C asset matches Gilead’s Epclusa in phase 3 trial,Fierce Biotech,https://news.google.com/rss/articles/CBMioAFBVV95cUxOZko5bzJOdHNUR1A4blB2MmluRm5LNm5keFVtelM0dzRESkFGVnU3REFWdWNSaW9lY2N5eUZXX1d5YnZpU291UGVmeURfN0JheXA3TmN5N1JoU2JyQ0pHb1psaW5RRFZ0M093aGw0elRwTFQwTU9tMlE1c3pkVFU4RzdIMENnN2tNV0swNmI0R25UWHFITXMta201dW5VWTg1?oc=5,Atea’s hepatitis C asset matches Gilead’s Epclusa in phase 3 trial &nbsp;&nbsp; Fierce Biotech
2026-08-02T08:35:03.655Z,2026-07-28T12:20:00.000Z,clinical,临床进展,GSK partner Hansoh reports another phase 3 win for priority ADC,Fierce Biotech,https://news.google.com/rss/articles/CBMingFBVV95cUxOS1k5NVpkc0Z3Q3VKbHkyMFBaUFd1VmUxUklrSDdxZkFmUjFkQTNZaUdXX1ZwMldveVRIclBuY29RV2pKM0k5c3J5dno3bS00bURFTjNWU0F6dG43SFQ5ODFKWEpIT05ZS2dDRlJZT1RfaDc0emRuaFktUUdZbk5oVHRvZTVxOWpIOWwtNGVjdHBiUWlVU3lGSmxqcTZJdw?oc=5,GSK partner Hansoh reports another phase 3 win for priority ADC &nbsp;&nbsp; Fierce Biotech
2026-08-02T08:35:03.655Z,2026-07-28T08:33:21.000Z,science,前沿研发,From ‘lost cause’ to gold rush: Biotechs swarm to cure AATD,STAT,https://news.google.com/rss/articles/CBMisgFBVV95cUxQcmU0OEhlNUF6bGI4ZVZtTl9FRGdaMzhEelFybUsyVmwzVTRYTjBiNEFGQkNsSnVHMVFMaHo2M2E0ck5CcmFxRm81YTVLYVRqTkszdWpBN3lHZ2JJYzBXY0c4Q0NZNWRJRF82cHk5MkMtVjJwT2thcDJXVGRyWUYzUnJFWU9INHk3bFFBd2t3Wm5kbkdPVk1sVGdmMXFxTzhtZmVEREJ0elZERmNQYV9zMGZR?oc=5,From ‘lost cause’ to gold rush: Biotechs swarm to cure AATD &nbsp;&nbsp; STAT
2026-08-02T08:35:03.655Z,2026-07-28T07:34:43.000Z,market-data,公开市场与销售数据,2026年自免药物作用机制解析：111款IL抑制剂如何精准“熄火”免疫系统误攻？,Sohu,https://news.google.com/rss/articles/CBMijAFBVV95cUxOdFJWM200VmtTOFpkY0NaM2RjTldSUXhTSWZXV081RlZkWlMzN0RYdWF0ZHBiYVg2NHRPTWNOQmF4QjJTTVVpWGZrQWlHZDBGX1FSTm1iLTlhUExwQ2lkdVdNY242QVZ5Q0VNbmo5OTBxckFIZm42ZGRZNGw0TE5GU1IyaHVuazhoYU9KYQ?oc=5,2026年自免药物作用机制解析：111款IL抑制剂如何精准“熄火”免疫系统误攻？ &nbsp;&nbsp; Sohu
2026-08-02T08:35:03.655Z,2026-07-28T06:46:03.000Z,market-data,公开市场与销售数据,2026年自免药物IL抑制剂全景梳理 | 四大靶点、111款上市药、600+在研管线,Sohu,https://news.google.com/rss/articles/CBMijAFBVV95cUxPZUwzeWw1ZGdhM2JUODBQZktSM2hzOFdVeWN3X1VvWUxjUFdQNExrWWt6eWVUQzMyZzZKd0tRLWxMcU5jR3drbmczZHg0VjNnUXJBeXFWa3llZ09DMGVkcTZ2SVBfZ19mNzg0XzlJeHBza3lyNlZIV24zSDRob0pXQmc2WWsxTEFNSkpFMA?oc=5,2026年自免药物IL抑制剂全景梳理 | 四大靶点、111款上市药、600+在研管线 &nbsp;&nbsp; Sohu
2026-08-02T08:35:03.655Z,2026-07-28T04:38:17.000Z,china,中国市场,"As pharma descends on China for deals, BIOSECURE Act raises intellectual property risk",BioSpace,https://news.google.com/rss/articles/CBMiuwFBVV95cUxOZDd3WjFtQlBvVjYzUm5Nb3J6MTE5TTUza2lseDJKaEFXSldWZXc1U3Rib3ZrcDdRb2hURjNzSXpNZmVsaERGYXdxWTVzNm9PRFlKc3c5ZlA2SS1scXpCWE1xZV9ueDRPU3ZveVNxTW5LdXktVHN1UExtMjV6STlLUnJ0NVhCR0tiM0ZGLTJSdHB6RGYzbzJoYkt0MnlOWUEyVDlkd1FCODFVeFR6bUw3RG1hOWZzZzB2Qklz?oc=5,"As pharma descends on China for deals, BIOSECURE Act raises intellectual property risk &nbsp;&nbsp; BioSpace"
2026-08-02T08:35:03.655Z,2026-07-28T04:09:00.000Z,market-data,公开市场与销售数据,【火热】中药龙头出手了，2800万入局19亿大品种,新浪财经,https://news.google.com/rss/articles/CBMidkFVX3lxTE9jbm5RenRPQ2RYdFJvXzVycnBuSVJ1SVlXRzZyOEwtWU4yVnJmSXVxalI3dlFzOHlXQlJmRkhmczYwUVlGVDZQNUJSXzZVY2Y3bWlrTTFVN2swdE0tZXhybkJHNTJfeUx1bURqdU9xek5taWRIdWc?oc=5,【火热】中药龙头出手了，2800万入局19亿大品种 &nbsp;&nbsp; 新浪财经
2026-08-02T08:35:03.655Z,2026-07-28T04:05:07.000Z,market-data,公开市场与销售数据,48个药品通知件同日送达：蔗糖羟基氧化铁咀嚼片、褪黑素颗粒等三款首仿齐折戟，药审红线全面收紧,pharnexcloud.com,https://news.google.com/rss/articles/CBMiWkFVX3lxTFB3N1c4bWVlU0xObko1QWcwaGpITW15Z2xmd3d2Qml6T094X3I2VkxINHJpdDdQVi13clZDaVZDb2EyWFk4cG5LN0VxdzFSX2VVSjJ4Nm5XSHkxZw?oc=5,48个药品通知件同日送达：蔗糖羟基氧化铁咀嚼片、褪黑素颗粒等三款首仿齐折戟，药审红线全面收紧 &nbsp;&nbsp; pharnexcloud.com
2026-08-02T08:35:03.655Z,2026-07-27T19:43:56.000Z,deals,授权与交易,VERAXA Biotech (VRXA) Advances Bispecific ADC Program Under OmniAb Collaboration,NewMediaWire,https://news.google.com/rss/articles/CBMivAFBVV95cUxPa1RJaldrN1FVOVgwSjNGMnA5N0cwSHFBYkpjX2hFcktDalo5SFVxTHItTnhVdXgzRlVBbmVSQmkybEhIYlpvSGxMakdZcFEtYnJ3S1RQNFVWMXBvZ1BNcWgxMHlwTHlkVE9sMzMwMjRvMUFkeVN2ek5sc25ZZ0lza3AxQUlERWRuRVAtcXVEWGRkRU9TbXhZemFoZFpiVG9ZRFNNWlROdjFtNm5faVIwZVBGSVRvbXFQMngybg?oc=5,VERAXA Biotech (VRXA) Advances Bispecific ADC Program Under OmniAb Collaboration &nbsp;&nbsp; NewMediaWire
2026-08-02T08:35:03.655Z,2026-07-27T16:42:43.000Z,regulatory,监管与审批,"FDA approves Otsuka’s ADHD drug Simtriyo, teeing up its ‘next major CNS launch’",Fierce Pharma,https://news.google.com/rss/articles/CBMiqwFBVV95cUxQZGVESENwUnNpRjRFOGZ1czkybW9IR0d2RzFZLWF0OFdBMDRKMU01Z2hXTlRKclZ1UHZhR2lBc2RtUTF5NEdweFltdGtPT0RMZEF3Yi1yM3JfZ3RsX1VhaEkxTEdYdW9wVUJ2WFlVUEd4eXN4UTQ4akJUaGNMUEM4WWxRblVfNnJqLXJndlhQbkJmNk42U3ZiNDUtMUFvMEd2SUJ0akFfc1pNc00?oc=5,"FDA approves Otsuka’s ADHD drug Simtriyo, teeing up its ‘next major CNS launch’ &nbsp;&nbsp; Fierce Pharma"
2026-08-02T08:35:03.655Z,2026-07-27T16:27:54.000Z,regulatory,监管与审批,First-in-Class Drug for ADHD Wins FDA Approval,MedPage Today,https://news.google.com/rss/articles/CBMiZkFVX3lxTE1Td3hfMF9hN1haY3daczdUcVBYM1J0YmFwWUpSMEo2bGJTcUNFVGZ5ZXF0X19nZ3hQeFZaOFhqZkNhTTFtakRsVk5fRjZlUWNtUExnV3pjdjVPQWFPQjd3Z3p3MURNUQ?oc=5,First-in-Class Drug for ADHD Wins FDA Approval &nbsp;&nbsp; MedPage Today
2026-08-02T08:35:03.655Z,2026-07-27T15:49:30.000Z,clinical,临床进展,Gossamer regains rights to lung disease asset from Chiesi after Phase 3 fail,BioSpace,https://news.google.com/rss/articles/CBMirwFBVV95cUxPZ2s5VFhCb3gwcHpOX01LWEM5aVMxU1J4QkFOWmJOZXVxQ1BNQk85WEgwODJDSkNYRWFyWXl6WTNhem1fMGh4NjVneU9oY3AwMnp4b1NWQ0VjSHJIXzZSWFRrb1I3MEdNSTFJa1BPWmJRazJBVnZiTmdKY1BkSE5jZy1VMV8waDloZ0hfakVGSUc1WDlWNTFXNVVrb2xIRXR3LWVSeXJCRmNXRGRkSk0w?oc=5,Gossamer regains rights to lung disease asset from Chiesi after Phase 3 fail &nbsp;&nbsp; BioSpace
2026-08-02T08:35:03.655Z,2026-07-27T15:48:38.000Z,manufacturing,制造与供应链,Construction begins on Eli Lilly's $6.5B manufacturing campus in Generation Park,ABC13 Houston,https://news.google.com/rss/articles/CBMipwFBVV95cUxPZXhXbWxzWHZzdGJkejBpR25LMC0wUWotdUEzYzlobFZJTThCNzh5MGx3V25CMlV2d1dFZEJCel9PUzR1ZXhKVG9kS3ZCNlhrWXdaNTloc05TYjZmaVdSNGEtX2NYSFh2SGpwQmhpVVJRVkF0QVc5R19lZWRES1BOUkl2dkFlc2JhOGZXTjFyMVVyTS1GMVd0NVBkV2szaGtzVDQ3NXQtNNIBrAFBVV95cUxQa1p0b1ppMkpWbVpBS25fRlpzX1E2TzFIZU1pc0x6U0d2QTBoZEJGak1ZQ2RwVWtUS1c1cFI2cE5xQlprVmlMSmppNURLaHFoUWpJM3pWYjNnNzVmNW1IcGFMMTMzUTFxdWhwTU0tcGxpQWZVbmc3ZGNBa0diSWNVYzVNUDBPckFxbkxtNEtEaS1zNW5MUGZVUjJuOEpjQnRIeHF1akd0RUJHNHhx?oc=5,Construction begins on Eli Lilly's $6.5B manufacturing campus in Generation Park &nbsp;&nbsp; ABC13 Houston
2026-08-02T08:35:03.655Z,2026-07-27T14:38:10.000Z,clinical,临床进展,"CMPS, MDGL, DFTX, GHRS, HELP Stocks In Spotlight Today – Why Wells Fargo Thinks Next Wave Of Depression Drugs Could Create New Winners",TradingView,https://news.google.com/rss/articles/CBMilwJBVV95cUxQb1A3Q29FanBOMGxGeU5rNzByRjRNbkpZY3RjQ0FKSl9lelQzREhoRzVSTjZiQUw2WXVROVhNX1BPNFdLVjVCcHUzY0R6Z2hXajczd0x1OHMwR3dMVENsczNtaWhNZXRkcXNGZV9OenphV1pXYkczSG51NXJfc0swRTFRVk41amlDVkxJOTBWbk5FY3FPbEx2b3d4dk1zSlo0dWxpREV5VmU5TldJanptUDE2TFpNMG44UDdVN3JZOG9vZlNPcmxOVGY3aXBjamluZUxnX0ZsLTdNUUU3cHc2VWt1dWEtYzRJM3J5VHQ3N28yYUNyMFlCNTdkVG9reVYtQkViTzhqTUpYZVBFeWVvMmdTMUhJdUU?oc=5,"CMPS, MDGL, DFTX, GHRS, HELP Stocks In Spotlight Today – Why Wells Fargo Thinks Next Wave Of Depression Drugs Could Create New Winners &nbsp;&nbsp; TradingView"
2026-08-02T08:35:03.655Z,2026-07-27T12:09:00.000Z,china,中国市场,AstraZeneca boss urges western drugmakers to move at ‘Chinese speed’,The Guardian,https://news.google.com/rss/articles/CBMitgFBVV95cUxPaG9kVUM3ZHRMbDN6OVNXeXp3WEpTMDZPWUk0X1RJU21RdHExazVsRjBVY2ZFUVFldWtMaHRXX3ZBQzZOblhZVTBvTXItWlBXWTN6bThUNWVNR1lINHFuaDdZdkFrX3hDYUlhV0FWTENKMnh3MHJjUjhiRW5zMnV1N3FGSXhnR0dTLUtoUHBHZFU3blZuN0s0bEVDNG5CYl9sMzR6c0s3ZXlFUy1uRUd6bk9wMlhMQQ?oc=5,AstraZeneca boss urges western drugmakers to move at ‘Chinese speed’ &nbsp;&nbsp; The Guardian
2026-08-02T08:35:03.655Z,2026-07-27T11:31:49.000Z,clinical,临床进展,Arrowhead Pharmaceuticals Completes Enrollment in Global Phase 3 YOSEMITE Study of Zodasiran for the Treatment of Homozygous Familial Hypercholesterolemia,"Arrowhead Pharmaceuticals, Inc.",https://news.google.com/rss/articles/CBMixgFBVV95cUxQVVNsZ1R6endHVzJOSEw5Zk8zYTBLN3B2Wno2c0UxZ1pVeXJzWXl1MnhtYmhuV3MxU2xGRGw3dG9TT0Y5eEVKNU1faDZNVDdFSXNRUGJTZHFWRXhKNUR3UmZCamFiNUpMNUt0RmhGdEM1UTFSdXVRRURjanhXWExFT1haMVFYYWdmSXdyMVVNS2hvcTNnd01jZEdud0FTdHBZS3NhbXhFMklWeV9mQzZSR3cyUEtmck9fTEVuOUdHcFlhWEtqMVE?oc=5,"Arrowhead Pharmaceuticals Completes Enrollment in Global Phase 3 YOSEMITE Study of Zodasiran for the Treatment of Homozygous Familial Hypercholesterolemia &nbsp;&nbsp; Arrowhead Pharmaceuticals, Inc."
2026-08-02T08:35:03.655Z,2026-07-27T11:26:18.000Z,regulatory,监管与审批,Outlook finally claims FDA approval for AMD drug,pharmaphorum,https://news.google.com/rss/articles/CBMif0FVX3lxTE5wdUxPcnZ0V21nSVEzWDl3blBDY3FTSTlDLWdiSFFkX0xGUElVNWpqU0k2UVVsbTBjUVhTMS1VMTRkTTZVQWhLUXRFYVNZWHdJVGw1M2RDRm85ekhLT2c0MWlMVG9BQm1GX3hNWV9GcUZvSjNrcEVsN29oZmdlX1U?oc=5,Outlook finally claims FDA approval for AMD drug &nbsp;&nbsp; pharmaphorum
2026-08-02T08:35:03.655Z,2026-07-27T10:01:40.000Z,market-data,公开市场与销售数据,【火热】人福医药1200万开拓新市场，拿下8亿畅销药,Sohu,https://news.google.com/rss/articles/CBMijAFBVV95cUxNb1UxQ1hELUxBQ0pfTG1aUGdZbkFlTnRNRWFMZThnMVA3elFVeWJpYi1sUkhJUy1wOG5uM3pfMlRJc2VCNUdDcFJKTURxVU90RnBMOFJSQlRyTnMycERzQ0NZOGxWVXRqZjRyNG1XbDFKaE9GTlNXSjNjQWZrXzlXbFM2V0ZPRVJEQ2hCaw?oc=5,【火热】人福医药1200万开拓新市场，拿下8亿畅销药 &nbsp;&nbsp; Sohu
2026-08-02T08:35:03.655Z,2026-07-27T08:39:28.000Z,manufacturing,制造与供应链,"Oligonucleotide CDMO Market Size, Forecasts Report 2035",Global Market Insights Inc.,https://news.google.com/rss/articles/CBMifEFVX3lxTFA0UHEzTVpfYWN4ZmtPekljNzVTRDd5eXYxNWNLOGJDR0xZMUdUa0cxdnByS3ZWUkQ2cko3OHRtYmQwTFNBOFNJNUN0eWxza2hjblFpMmVDVDZNc20wR3ZhNjQ0TUliWldNblZzRkdaVi1pbldhZTRReGdTUGI?oc=5,"Oligonucleotide CDMO Market Size, Forecasts Report 2035 &nbsp;&nbsp; Global Market Insights Inc."
2026-08-02T08:35:03.655Z,2026-07-27T07:29:02.000Z,deals,授权与交易,Argenx to buy Forte Biosciences for $2.2B,STAT,https://news.google.com/rss/articles/CBMikwFBVV95cUxOZkJJaVhENXM4NUdLYWVYTWx6RVpOS09yNXlfR0t3NzlXZUo3aVlfZnJjQjBCQmNwZ0ROR2xDVk5LcHQ3VFdLOFVQUjZCMEw5NkdkNEhibmg1UC1NbUN0T1BoRnN4bE5xR3VHVnlJTGRxVmVJWktmUlZuNWx5bDBZZk9POHJXWUNZck9na3N4SXRDTlE?oc=5,Argenx to buy Forte Biosciences for $2.2B &nbsp;&nbsp; STAT
2026-08-02T08:35:03.655Z,2026-07-27T05:56:00.000Z,china,中国市场,Chinese Biotech Overtakes AI as Emerging-Market Growth Trade,Bloomberg.com,https://news.google.com/rss/articles/CBMisAFBVV95cUxQNXZ2Z1ZNXzU2cVFMU2JTV1lveGpaZGh5SUF3NGZraG4ycTRiUFJ6QXJ0Nnd5RnpFN0UyNTVrNEdxV2k5ZGZXSDZpRExNUFBLSmtrYU5pT0d3bTJPdVMwd2dtSnZMdGlQcHlkV3pyb3BCdm9wQzdCVGNvdzByTDA3cTVZaFNqNlk1V3F1Sm5VS3NHNE1lcV9vd1E3MDAxNmd3VXJGNHJZb3FYVHppbnNYZg?oc=5,Chinese Biotech Overtakes AI as Emerging-Market Growth Trade &nbsp;&nbsp; Bloomberg.com
2026-08-02T08:35:03.655Z,2026-07-25T08:55:27.000Z,company-disclosure,上市公司与年报,上海医药集团股份有限公司关于参与设立上海上实生物医药产业私募基金暨关联/连交易的进展,dataclouds.cninfo.com.cn,https://news.google.com/rss/articles/CBMipAFBVV95cUxNaGdSbEJ6LXFGeFVFZDNkQnpmaDllYzFnd3d2VUw4OVNhbjh6UkF6RnQzMU1UV2toa29nVDBiS2FlcFhyMVg4WlZzdmh3YXpEbllkLXh6VkkzWnk1Q29hN2ZRVndnaTMxZXc4V212Wm5MM3lPMkhFTlN0MW01WkxUdURSMTlDQzRXU1h5MlB1a0R4Z2x6TDROWHJ6S1pERU9XOHFwRg?oc=5,上海医药集团股份有限公司关于参与设立上海上实生物医药产业私募基金暨关联/连交易的进展 &nbsp;&nbsp; dataclouds.cninfo.com.cn
2026-08-02T08:35:03.655Z,2026-07-25T01:54:00.000Z,market-data,公开市场与销售数据,ST人福酒石酸长春瑞滨软胶囊获药品注册证书,QQ News,https://news.google.com/rss/articles/CBMiVkFVX3lxTFBRbnFJVTZWbm5lSEF5OFJEMk0ya2wxS0FtUHU5blMwUENKYTVNbC1FVGJSbk40cFJPNWRFZWhWZ1dyNEpsX1hYNm85OWxOekZxY3JJY3JR?oc=5,ST人福酒石酸长春瑞滨软胶囊获药品注册证书 &nbsp;&nbsp; QQ News
2026-08-02T08:35:03.655Z,2026-07-24T07:00:00.000Z,company-disclosure,上市公司与年报,广东开合生物科技股份有限公司关于补发公告的声明公告,dataclouds.cninfo.com.cn,https://news.google.com/rss/articles/CBMingFBVV95cUxNUF9pZ1E5cTVDVVpjMHBvbkszTUIzaV9DaTVBOWhrQXVqaVhIUlkxTWlqYlVnS3ZIM0ozUlZWTzh5NGc4dEVXaFZIbUo0dFBQeWZaWjRXcVc1U3VRMDhobmxSTmQyYk0tYkFFcmJEWHpmOXBpRVJmZ0xSNUhTTmVMakxHUldnM1JKdGE5MmtxVUVQMW5MNE1LeTdmX2FpQQ?oc=5,广东开合生物科技股份有限公司关于补发公告的声明公告 &nbsp;&nbsp; dataclouds.cninfo.com.cn
2026-08-02T08:35:03.655Z,2026-07-22T10:15:23.000Z,company-disclosure,上市公司与年报,海外監管公告,hkexnews.hk,https://news.google.com/rss/articles/CBMihgFBVV95cUxOR1Vrdl9QZlNQWV9tRzBYZE1icjBUMlBBQ1phRkVPMmNTUTZjYjByWlpBWUxnV1VmSm03dVdNZmNXRTNwRHZFdUFsUlZYV1VPN0pXQ3czLWJXb1dEYUxIV0ZGSG5QVjRxXzkzQkJ6bXVVSnpDbWZfMHlIcGhBQlRmaE02Mnhhdw?oc=5,海外監管公告 &nbsp;&nbsp; hkexnews.hk
2026-08-02T08:35:03.655Z,2026-07-17T07:00:00.000Z,company-disclosure,上市公司与年报,山东金城医药集团股份有限公司第七届董事会第三次会议决议公告,static.cninfo.com.cn,https://news.google.com/rss/articles/CBMicEFVX3lxTE9RenVXaTZwTGNNNzZleGFWcnpEUXNGZ1ZqQkhkQzU1bVdWMjdDVVZ3dGlHcm92UHhMU3ktSi1BQTBOR3lyMU1YbHFQLVhSZGxSMXN5c1M2eGJDNWVjaVhKMHctQXNabjJWZHRkRV90S2w?oc=5,山东金城医药集团股份有限公司第七届董事会第三次会议决议公告 &nbsp;&nbsp; static.cninfo.com.cn
2026-08-02T08:35:03.655Z,2026-07-15T07:00:00.000Z,company-disclosure,上市公司与年报,上海第一医药股份有限公司2026 年半年度业绩预告,上海证券交易所,https://news.google.com/rss/articles/CBMiwAFBVV95cUxQdmZRNk5YX2VocV9xcEdjLWpwaThDU0FHY0VjbVJQNTdQUmlTS2YxM2YzNno4Tm83NERONWhOcFBjMEtYamxadG5SQTUyeFNzQ0JtTjZIYy0yTjR1Nlp0Y3g3R2RpaF9TZV91QXY3U0I4aVR2Nl9KUFV1ZWxINjgtcm42eW93THR6Y3M3eE1CNmxVY21pZWJ0SUdiSUdYR2xTS2lUdnBJT2xzN3FlTWZ0MmZTMUxBUGM0T2NnVjI0NG0?oc=5,上海第一医药股份有限公司2026 年半年度业绩预告 &nbsp;&nbsp; 上海证券交易所
2026-08-02T08:35:03.655Z,2026-07-15T07:00:00.000Z,company-disclosure,上市公司与年报,基蛋生物科技股份有限公司2026 年半年度业绩预增公告,dataclouds.cninfo.com.cn,https://news.google.com/rss/articles/CBMipAFBVV95cUxOQVRuOHIwX3BNR3RPRFpRWjRodl9ZOHhjQms2NjZnRWVNd1BBLXF5U2p3MmF3Q0lBb0J4blBHRk1ZTzA1OVNGT1FnNl9ieW9jQkZ1VGw2UjNMRVU3Szlua0t3MnI5QW5fX2FOLV9FeDZLV0JGYS1iNDlaeFJDZXZEM29WNXU3RDFtNWVrVU9BZF9zOGZGUzNUYWg2djRYMUJMdm0tNg?oc=5,基蛋生物科技股份有限公司2026 年半年度业绩预增公告 &nbsp;&nbsp; dataclouds.cninfo.com.cn
2026-08-02T08:35:03.655Z,2026-07-14T07:00:00.000Z,company-disclosure,上市公司与年报,上海宣泰医药科技股份有限公司自愿披露关于多索茶碱片通过仿制药一致性评价并新增规格的公,dataclouds.cninfo.com.cn,https://news.google.com/rss/articles/CBMipAFBVV95cUxQZlRPYTMtLW8tanp0THRDUXR3U242TUVYTkZYUEEwWDVGdW1PX2lsNl85ZnNvUE1pYVROOVlCMTRfckM3Qlk3VnJaWlA1anVwMEg2bGxudlNwdWNWLTJpbnpQblQ2NUdJSXZhSzJCeUh3LTZNOU5qN2x4aERIV1pqZ3BBNHpXTXlsSW9RRlBIWDB5MVFVQzJCX0JWcnVnYVhuUm95SQ?oc=5,上海宣泰医药科技股份有限公司自愿披露关于多索茶碱片通过仿制药一致性评价并新增规格的公 &nbsp;&nbsp; dataclouds.cninfo.com.cn
2026-08-02T08:35:03.655Z,2026-07-13T07:00:00.000Z,market-data,公开市场与销售数据,首个国产小分子抗癌药迎来印度仿制药,QQ News,https://news.google.com/rss/articles/CBMiVkFVX3lxTE9LTTlZY1ZpZnRUbGI3THNsYzNDRm92NkhaYVYyaWVEQVBsTy1zbzZSbzlnbHlZYmVnWV82OWdPemh5Q1JveS01c3V5Q3hPNHVsbjdPWmxR?oc=5,首个国产小分子抗癌药迎来印度仿制药 &nbsp;&nbsp; QQ News
2026-08-02T08:35:03.655Z,2026-07-10T07:00:00.000Z,company-disclosure,上市公司与年报,中粮生物科技股份有限公司2026 年半年度业绩预告,static.cninfo.com.cn,https://news.google.com/rss/articles/CBMicEFVX3lxTE1NdE5xZVpNSnU1TWpBSElWYkd2Tm5OdDhyNlZQdkFid2FKeXZ0OTF4N0Z6TFB2OGpyNTJ2clctcjJhWlNfdWU2T2xjN1k1UDAyY1lyamNIVFA5Vm1qZV9XZ2F6Y09PRXJHaFhjYzN1Mmc?oc=5,中粮生物科技股份有限公司2026 年半年度业绩预告 &nbsp;&nbsp; static.cninfo.com.cn
2026-08-02T08:35:03.655Z,2026-07-10T07:00:00.000Z,company-disclosure,上市公司与年报,南华生物医药股份有限公司2026 年半年度业绩预告,static.cninfo.com.cn,https://news.google.com/rss/articles/CBMicEFVX3lxTE9BZm9xOVJBd1oyOUwzaHhpWXpIR3NDcTVvcFVNeWQxemxUVmUzSVZMdExRSzc4dmtWN0Q4NVBzaFptQkpDYVJsTkxrbE9aYy1fMlBWYWc4STRGVHVoY0w3Z1hMLWVCOFRfN2xuX3BORGE?oc=5,南华生物医药股份有限公司2026 年半年度业绩预告 &nbsp;&nbsp; static.cninfo.com.cn
2026-08-02T08:35:03.655Z,2026-07-10T07:00:00.000Z,company-disclosure,上市公司与年报,广州医药股份有限公司董事会秘书辞任公告,dataclouds.cninfo.com.cn,https://news.google.com/rss/articles/CBMingFBVV95cUxOWlBPYWE2VWdHOERneHRSekNVWWxSQzJmMnJvSUxJRVkyZ2xBWmphMWZkZVc5bHIxajNfS2JYZXpMMmlvR0d3UDROZmp4XzNsQW1sTy1TT1RGQVJzb3B1VlJhSTV3U1JtZGoyQUstaEJRUmE1dUFqSmhFOUktQkpLZHJTd21VeWVJd1JkdkF6UHk5Q1VxN0g0NEg1cllFUQ?oc=5,广州医药股份有限公司董事会秘书辞任公告 &nbsp;&nbsp; dataclouds.cninfo.com.cn